NewIndex,Interest.Rate,FICO.Score,Loan.Length,Monthly.Income,Loan.Amount
1,8.9,735.0,36.0,6541.67,20000
2,12.12,715.0,36.0,4583.33,19200
3,21.98,690.0,60.0,11500.0,35000
4,9.99,695.0,36.0,3833.33,10000
5,11.71,695.0,36.0,3195.0,12000
6,15.31,670.0,36.0,4891.67,6000
7,7.9,720.0,36.0,2916.67,10000
8,17.14,705.0,60.0,13863.42,33500
9,14.33,685.0,36.0,3150.0,14675
10,6.91,715.0,36.0,5000.0,7000
11,19.72,670.0,36.0,3575.0,2000
12,14.27,665.0,36.0,4250.0,10625
13,21.67,670.0,60.0,14166.67,28000
14,8.9,735.0,36.0,9166.67,35000
15,7.62,725.0,36.0,11250.0,9600
16,15.65,730.0,60.0,5416.67,25000
17,12.12,695.0,36.0,9000.0,10000
18,10.37,740.0,60.0,4333.33,14000
19,9.76,730.0,36.0,2733.33,10000
20,9.99,760.0,60.0,3750.0,5200
21,21.98,665.0,36.0,6666.67,22000
22,19.05,695.0,60.0,6250.0,30000
23,17.99,665.0,60.0,4100.0,6500
24,11.99,695.0,36.0,6833.33,17400
25,16.82,670.0,60.0,4500.0,4000
26,7.9,705.0,36.0,5416.67,7200
27,14.42,675.0,36.0,2964.17,8000
28,15.31,675.0,36.0,2916.67,8000
29,8.59,765.0,36.0,4167.0,3000
30,7.9,760.0,36.0,3958.33,14500
31,21.0,685.0,60.0,5833.33,23850
32,12.12,685.0,36.0,10583.33,14000
33,16.49,720.0,60.0,10416.67,35000
34,15.8,685.0,60.0,5250.0,16000
35,13.55,675.0,36.0,3666.67,17350
36,7.9,780.0,36.0,5583.33,8000
37,7.9,720.0,36.0,5666.67,7200
38,7.62,830.0,36.0,3750.0,20125
39,8.9,715.0,36.0,5000.0,12000
40,12.49,660.0,36.0,3448.33,2400
41,17.27,670.0,36.0,2500.0,3200
42,11.14,720.0,36.0,4416.67,12725
43,19.13,660.0,36.0,12000.0,5500
44,21.74,660.0,36.0,3700.0,15650
45,17.27,675.0,36.0,5166.67,9000
46,11.86,715.0,36.0,5577.0,5000
47,10.38,710.0,36.0,3083.33,3000
48,23.91,670.0,60.0,11250.0,20000
49,7.49,785.0,60.0,4600.0,5450
50,12.12,705.0,36.0,4500.0,14000
51,10.38,750.0,60.0,3750.0,8800
52,17.44,660.0,36.0,7952.0,3000
53,17.27,700.0,60.0,9250.0,32000
54,21.49,665.0,60.0,4166.67,22250
55,17.8,680.0,60.0,3000.0,7325
56,11.14,725.0,36.0,7500.0,16450
57,12.98,670.0,36.0,1100.0,2500
58,9.99,715.0,36.0,2625.0,6000
59,14.33,690.0,36.0,5166.67,27575
60,8.59,755.0,36.0,4583.33,1000
61,11.49,705.0,36.0,2708.33,12000
62,10.16,715.0,36.0,8000.0,30000
63,14.33,680.0,36.0,4166.67,13500
64,15.8,665.0,36.0,3250.0,9000
65,9.91,730.0,36.0,4250.0,15000
66,7.9,725.0,36.0,5500.0,5300
67,13.11,685.0,36.0,3650.0,7000
68,16.29,685.0,36.0,9166.67,20000
69,18.25,705.0,60.0,2916.67,15000
70,14.09,695.0,36.0,5000.0,8000
71,19.03,695.0,60.0,7500.0,24000
72,8.9,715.0,36.0,5500.0,7500
73,11.83,735.0,36.0,4583.33,17000
74,17.27,665.0,36.0,4583.33,12000
75,15.31,670.0,36.0,3833.33,6000
76,13.12,670.0,36.0,5000.0,6725
77,6.76,790.0,36.0,2666.67,4500
78,10.83,700.0,36.0,2427.0,1600
79,17.77,665.0,36.0,2500.0,10000
80,7.9,725.0,36.0,5416.67,18550
81,13.06,710.0,36.0,5883.33,7450
82,7.62,760.0,36.0,5833.33,3225
83,17.77,680.0,36.0,6399.0,23675
84,12.12,690.0,36.0,5833.33,12000
85,16.49,695.0,36.0,6000.0,25000
86,11.12,725.0,36.0,6666.67,16000
87,8.9,810.0,36.0,3041.67,4200
88,14.09,675.0,36.0,4583.33,10000
89,7.51,750.0,36.0,4800.0,6000
90,13.11,685.0,36.0,3333.33,6000
91,16.29,665.0,36.0,2000.0,7925
92,7.62,765.0,36.0,6000.0,16000
93,15.81,670.0,36.0,2666.67,9525
94,14.35,675.0,36.0,2500.0,6000
95,14.96,675.0,36.0,5250.0,10000
96,6.62,750.0,36.0,10000.0,7000
97,5.99,765.0,36.0,10000.0,4500
98,11.14,735.0,36.0,12500.0,12000
99,19.72,665.0,36.0,4166.67,10375
100,18.75,670.0,36.0,5833.33,4800
101,13.11,700.0,36.0,4666.67,6400
102,7.9,705.0,36.0,4000.0,5000
103,6.62,740.0,36.0,5250.0,12000
104,21.48,690.0,60.0,4250.0,23850
105,10.65,720.0,36.0,7083.33,15000
106,7.62,765.0,36.0,3500.0,8000
107,6.03,715.0,36.0,14583.33,20000
108,13.11,710.0,36.0,8233.33,20000
109,14.09,690.0,36.0,2916.67,10000
110,14.09,710.0,36.0,4000.0,18825
111,7.9,775.0,36.0,18333.33,35000
112,6.03,815.0,36.0,9583.33,9000
113,6.17,745.0,36.0,4234.0,4000
114,13.99,660.0,36.0,5000.0,5750
115,15.8,690.0,36.0,12916.67,20950
116,10.99,710.0,36.0,7500.0,8000
117,10.16,725.0,36.0,3333.33,10000
118,14.09,675.0,36.0,5000.0,10000
119,6.03,765.0,36.0,6000.0,14000
120,7.66,735.0,36.0,9000.0,5000
121,19.05,700.0,60.0,6250.0,25000
122,8.9,735.0,36.0,10416.67,35000
123,11.14,690.0,36.0,3750.0,7200
124,8.49,760.0,60.0,9000.0,14000
125,15.21,680.0,36.0,5132.0,15000
126,19.72,695.0,60.0,4916.67,25000
127,14.65,675.0,36.0,9583.33,10800
128,14.33,700.0,36.0,6250.0,20000
129,10.74,695.0,36.0,2900.0,4000
130,15.7,675.0,36.0,9333.33,16000
131,9.76,730.0,36.0,4683.33,1400
132,16.32,665.0,36.0,4600.0,7500
133,14.07,675.0,36.0,10000.0,24625
134,14.09,680.0,36.0,5416.67,5000
135,9.91,725.0,36.0,7916.67,25000
136,16.4,660.0,36.0,4166.67,7500
137,6.62,805.0,36.0,10000.0,34500
138,5.79,745.0,36.0,12500.0,10000
139,9.88,740.0,36.0,4500.0,3200
140,15.99,700.0,60.0,4250.0,5500
141,9.76,720.0,36.0,1100.0,3000
142,23.28,660.0,60.0,7083.33,18000
143,9.63,735.0,36.0,4190.0,10000
144,13.11,700.0,36.0,3150.25,8800
145,11.14,705.0,36.0,6000.0,7000
146,13.11,725.0,36.0,2625.0,8000
147,17.27,660.0,36.0,3833.33,3000
148,7.51,735.0,36.0,7500.0,12000
149,14.11,725.0,36.0,2500.0,3600
150,14.33,705.0,36.0,2833.33,11625
151,21.49,670.0,36.0,12500.0,30000
152,8.9,720.0,36.0,7083.33,16000
153,10.75,715.0,36.0,8400.0,10800
154,16.69,705.0,60.0,7666.67,25000
155,13.98,710.0,60.0,3916.67,10000
156,10.91,690.0,36.0,3892.75,12375
157,11.48,705.0,36.0,5031.67,6000
158,13.49,685.0,36.0,5000.0,8000
159,18.25,660.0,36.0,5000.0,15000
160,17.77,665.0,36.0,3333.33,7000
161,6.92,745.0,36.0,3000.0,8400
162,7.9,740.0,36.0,4500.0,15000
163,14.33,665.0,36.0,5000.0,15000
164,10.16,695.0,36.0,2083.33,2800
165,16.29,680.0,36.0,2916.67,7750
166,8.9,700.0,36.0,2166.67,4500
167,12.53,715.0,36.0,3666.67,17500
168,15.31,710.0,60.0,5258.5,18000
169,15.27,720.0,60.0,2748.0,15000
170,15.23,665.0,36.0,4583.33,6000
171,11.14,700.0,36.0,2750.0,11500
172,13.11,685.0,36.0,2500.0,10000
173,8.9,725.0,36.0,5000.0,12000
174,12.12,685.0,36.0,5000.0,10000
175,21.28,680.0,60.0,7916.67,35000
176,10.38,750.0,60.0,3000.0,7200
177,7.9,800.0,60.0,4000.0,4000
178,11.14,740.0,36.0,8333.33,5300
179,7.62,730.0,36.0,3833.33,1200
180,11.14,720.0,36.0,4333.33,2500
181,14.33,700.0,36.0,7500.0,17000
182,7.9,695.0,36.0,8416.67,16000
183,12.69,695.0,36.0,6666.67,10000
184,10.16,700.0,36.0,6250.0,5000
185,19.05,670.0,36.0,2916.67,4375
186,6.03,745.0,36.0,6100.0,8500
187,16.89,675.0,60.0,7500.0,12000
188,8.59,740.0,36.0,5000.0,6200
189,18.49,660.0,36.0,2000.0,7000
190,12.69,730.0,60.0,6541.67,20800
191,13.11,745.0,60.0,8333.33,19200
192,15.8,700.0,60.0,5416.67,22000
193,19.05,675.0,36.0,6000.0,15000
194,19.47,665.0,36.0,5000.0,7000
195,8.9,730.0,36.0,4916.67,20000
196,6.17,745.0,36.0,5733.58,2000
197,10.59,755.0,60.0,4000.0,18000
198,11.48,790.0,36.0,11666.67,20800
199,7.88,725.0,36.0,5708.33,9000
200,14.09,670.0,36.0,2666.67,6000
201,15.8,665.0,36.0,3750.0,5000
202,14.83,685.0,60.0,4186.0,12000
203,8.0,750.0,36.0,7583.33,7000
204,10.0,715.0,36.0,15416.67,6000
205,13.98,700.0,36.0,9166.67,17000
206,8.94,750.0,36.0,4750.0,12000
207,7.9,730.0,36.0,4541.67,16350
208,7.9,755.0,36.0,4625.0,20000
209,12.12,690.0,36.0,6583.33,12300
210,13.11,690.0,36.0,2666.67,4800
211,7.9,735.0,36.0,4500.0,14500
212,8.9,700.0,36.0,2254.0,4200
213,14.09,690.0,36.0,6583.33,22250
214,14.09,675.0,36.0,25000.0,8000
215,17.77,665.0,36.0,2000.0,8325
216,13.11,730.0,36.0,10416.67,14000
217,10.16,705.0,36.0,6000.0,9000
218,13.11,680.0,36.0,6083.33,16000
219,11.14,760.0,36.0,7916.67,15200
220,10.65,725.0,36.0,3750.0,24000
221,15.31,685.0,36.0,6666.67,16450
222,12.12,710.0,36.0,5000.0,7500
223,22.47,665.0,36.0,1333.33,4750
224,7.9,720.0,36.0,6750.0,6500
225,18.67,660.0,60.0,1750.0,5500
226,6.03,750.0,36.0,6250.0,9600
227,12.12,710.0,36.0,4166.67,12000
228,7.51,730.0,36.0,1500.0,2000
229,24.89,665.0,60.0,4000.0,18000
230,12.12,690.0,36.0,3750.0,5825
231,15.31,670.0,36.0,2530.0,2500
232,19.91,660.0,60.0,5500.0,7200
233,14.33,670.0,36.0,3941.58,8000
234,20.77,665.0,60.0,6000.0,25000
235,14.09,665.0,36.0,2666.67,2500
236,12.84,750.0,36.0,3500.0,20000
237,13.11,720.0,36.0,1779.17,6250
238,13.67,680.0,36.0,2083.33,12375
239,10.16,685.0,36.0,6666.67,18000
240,6.99,760.0,36.0,3333.33,3300
241,18.49,700.0,60.0,8833.33,21000
242,16.29,695.0,36.0,5250.0,24575
243,7.74,750.0,36.0,5166.67,5000
244,16.29,680.0,36.0,5833.33,20000
245,6.62,750.0,36.0,5750.0,13250
246,8.59,790.0,36.0,10167.0,10000
247,10.75,740.0,36.0,8416.67,20000
248,8.49,715.0,36.0,4166.67,10000
249,12.12,710.0,36.0,5000.0,12000
250,7.9,725.0,36.0,3500.0,8000
251,8.94,760.0,36.0,4200.0,11000
252,7.49,730.0,36.0,8237.5,12500
253,11.03,685.0,36.0,3750.0,7500
254,10.16,705.0,36.0,2400.0,4825
255,16.89,670.0,36.0,2880.0,7550
256,14.35,675.0,36.0,4000.0,8000
257,14.09,670.0,36.0,5083.33,6000
258,15.57,700.0,60.0,5291.67,8000
259,14.59,665.0,36.0,5000.0,3000
260,16.29,665.0,36.0,3750.0,8000
261,5.99,750.0,36.0,3000.0,8400
262,14.65,720.0,36.0,14166.67,35000
263,7.9,730.0,36.0,5000.0,15000
264,10.99,800.0,36.0,7083.33,7500
265,9.62,805.0,60.0,7695.08,24000
266,20.5,680.0,60.0,8083.33,21000
267,7.62,730.0,36.0,8315.67,6000
268,6.91,725.0,36.0,65000.0,4500
269,17.77,695.0,36.0,7666.67,29000
270,15.31,690.0,36.0,5250.0,20000
271,10.16,695.0,36.0,4341.67,7000
272,10.36,715.0,36.0,2916.67,5000
273,17.27,665.0,36.0,4025.67,6000
274,15.27,670.0,36.0,4480.0,10000
275,17.49,665.0,36.0,2917.0,3200
276,17.77,685.0,36.0,6625.0,23000
277,11.54,670.0,36.0,3416.67,5000
278,12.69,715.0,36.0,2083.33,3000
279,10.74,715.0,60.0,3500.0,12000
280,13.99,720.0,60.0,4166.67,20000
281,15.8,665.0,36.0,2166.67,1200
282,6.62,780.0,36.0,3000.0,8000
283,16.49,705.0,60.0,5416.67,10000
284,13.06,690.0,36.0,7916.67,11000
285,16.29,670.0,36.0,5250.0,18000
286,17.49,705.0,60.0,5000.0,24000
287,18.75,675.0,60.0,5002.33,8000
288,11.71,685.0,36.0,3100.0,6000
289,17.27,675.0,36.0,6750.0,35000
290,10.36,730.0,36.0,1800.0,1000
291,15.31,680.0,36.0,3750.0,10000
292,15.8,670.0,36.0,5000.0,6000
293,6.03,750.0,36.0,2916.67,4000
294,11.71,745.0,60.0,5416.67,20000
295,14.12,655.0,36.0,3750.0,3500
296,19.99,690.0,60.0,8333.33,24000
297,14.09,690.0,36.0,3500.0,8000
298,6.62,775.0,36.0,7125.0,12000
299,8.9,750.0,36.0,4166.67,17600
300,12.92,665.0,36.0,3333.0,5000
301,18.67,660.0,60.0,2500.0,8000
302,9.88,730.0,36.0,4500.0,10000
303,6.62,800.0,36.0,16083.33,16800
304,10.38,755.0,60.0,2738.67,6500
305,7.9,790.0,36.0,12083.33,35000
306,14.33,685.0,36.0,4800.0,9950
307,9.91,750.0,36.0,3166.67,5000
308,19.05,695.0,60.0,3726.67,10000
309,13.11,685.0,36.0,5833.33,6000
310,7.9,770.0,36.0,12083.33,35000
311,7.9,705.0,36.0,1916.67,5600
312,7.9,795.0,36.0,6250.0,17000
313,12.99,715.0,60.0,5666.67,15000
314,11.14,685.0,36.0,7750.0,3000
315,17.77,665.0,36.0,3083.33,12000
316,14.27,705.0,36.0,9000.0,25000
317,20.49,660.0,36.0,6000.0,31075
318,14.33,740.0,60.0,1500.0,4750
319,11.71,680.0,36.0,4166.67,6400
320,9.91,730.0,36.0,5500.0,25000
321,6.03,785.0,36.0,12083.33,5000
322,11.99,755.0,60.0,3583.33,12000
323,19.72,665.0,36.0,7965.0,20000
324,15.96,665.0,36.0,4416.67,10000
325,20.49,660.0,36.0,3033.33,9750
326,14.09,685.0,36.0,6000.0,10000
327,10.46,680.0,36.0,4350.0,3000
328,19.72,700.0,60.0,5666.67,25000
329,14.22,670.0,36.0,8583.0,5000
330,5.79,730.0,36.0,6400.0,6500
331,15.31,670.0,36.0,2916.67,8325
332,15.31,710.0,60.0,8333.33,20000
333,12.12,710.0,36.0,5166.67,12000
334,10.38,755.0,60.0,5000.0,9500
335,5.79,780.0,60.0,4166.67,12000
336,11.49,715.0,60.0,2944.0,7200
337,10.16,710.0,36.0,6091.83,8500
338,19.05,685.0,60.0,4583.33,17475
339,12.12,690.0,36.0,3113.83,10000
340,22.47,660.0,60.0,4583.33,18000
341,5.42,785.0,36.0,7466.83,4800
342,7.9,720.0,36.0,2298.75,5000
343,12.12,720.0,36.0,3750.0,20000
344,15.31,710.0,36.0,5000.0,12300
345,22.78,675.0,60.0,6125.0,28000
346,11.11,690.0,36.0,2080.0,1675
347,17.04,685.0,36.0,4000.0,7500
348,12.61,675.0,36.0,12833.33,9200
349,15.8,675.0,36.0,4583.33,8000
350,10.99,690.0,36.0,2000.0,5000
351,18.25,690.0,60.0,3333.33,19125
352,5.99,790.0,36.0,5000.0,5075
353,9.62,710.0,36.0,3275.0,7000
354,12.12,675.0,36.0,6800.0,5000
355,13.49,760.0,60.0,15583.33,35000
356,14.65,670.0,36.0,3250.0,2225
357,10.16,715.0,36.0,3168.0,4000
358,7.9,740.0,36.0,7083.33,16000
359,17.77,675.0,36.0,3333.33,15500
360,13.11,695.0,60.0,7916.67,16000
361,13.06,710.0,60.0,3678.08,9000
362,16.49,710.0,60.0,6000.0,20000
363,18.17,685.0,60.0,10000.0,20000
364,22.78,690.0,60.0,6041.67,30000
365,10.59,735.0,36.0,3833.33,10000
366,19.05,660.0,36.0,5000.0,14000
368,15.31,710.0,60.0,5734.08,18000
369,6.62,740.0,36.0,5208.33,10000
370,13.11,735.0,60.0,4583.33,25975
371,14.09,690.0,36.0,3333.33,10350
372,17.77,660.0,36.0,2708.33,10850
373,5.42,770.0,36.0,3750.0,4075
374,10.75,755.0,60.0,3584.62,14500
375,10.16,710.0,36.0,5000.0,12000
376,22.95,665.0,36.0,884.9,1000
377,13.11,700.0,36.0,3010.0,5900
378,13.11,705.0,36.0,2500.0,9950
379,6.03,790.0,36.0,3416.67,7200
380,16.77,685.0,60.0,2500.0,14750
381,16.7,690.0,36.0,3000.0,5000
382,14.91,715.0,36.0,6250.0,20000
383,19.42,705.0,60.0,7400.0,18400
384,14.11,700.0,36.0,3583.0,7200
385,13.99,725.0,60.0,4364.58,18000
386,12.12,690.0,36.0,3166.67,8000
387,8.9,720.0,36.0,5166.67,4000
388,13.11,690.0,36.0,3750.0,6000
389,10.25,720.0,36.0,2400.0,6250
390,14.09,685.0,36.0,5416.67,5375
391,15.31,665.0,36.0,2302.0,8875
392,10.65,700.0,36.0,3333.33,7000
393,15.31,680.0,36.0,6416.67,12000
394,18.75,670.0,36.0,4500.0,21250
395,19.72,680.0,60.0,3200.0,3600
396,14.33,670.0,36.0,3333.33,12000
397,14.33,690.0,36.0,2500.0,10050
398,8.9,700.0,36.0,5000.0,4025
399,6.62,780.0,36.0,5000.0,5000
400,11.71,775.0,60.0,2750.0,16500
401,7.29,735.0,36.0,5833.33,10000
402,12.29,685.0,36.0,8750.0,7500
403,6.03,755.0,36.0,2940.25,10000
404,8.9,715.0,36.0,2083.33,10000
405,7.9,730.0,36.0,5833.33,18000
406,16.29,680.0,36.0,3833.33,7000
407,22.47,670.0,60.0,5083.33,22000
408,13.11,685.0,36.0,1000.0,6000
409,6.62,750.0,36.0,5833.33,5600
410,12.12,705.0,36.0,2519.17,9500
411,13.11,680.0,36.0,9666.67,12000
412,10.37,675.0,36.0,4416.67,7200
413,15.8,665.0,36.0,6612.0,5000
414,15.96,695.0,60.0,2917.0,8250
415,22.47,690.0,60.0,7916.67,30000
416,15.81,700.0,60.0,6583.33,10075
417,13.11,700.0,36.0,5166.67,9050
418,10.16,700.0,36.0,3333.33,17500
419,6.91,730.0,36.0,4166.67,10000
420,8.9,715.0,36.0,2870.42,10000
421,15.8,690.0,36.0,2500.0,8500
422,14.65,675.0,36.0,3666.67,16000
423,14.09,725.0,36.0,1833.33,2350
424,7.29,730.0,36.0,6083.33,10000
425,15.8,735.0,60.0,5458.33,25000
426,14.33,685.0,36.0,3500.0,8000
427,13.11,670.0,36.0,4166.67,6000
428,13.11,685.0,36.0,5416.67,4000
429,11.14,715.0,36.0,2916.67,11500
430,9.91,705.0,36.0,12500.0,12000
431,16.49,690.0,60.0,2916.67,15250
432,12.68,695.0,36.0,3500.0,5000
433,7.9,715.0,36.0,3750.0,6000
434,16.29,710.0,60.0,3166.67,18225
435,10.38,735.0,36.0,6312.0,15000
436,5.79,760.0,36.0,4666.67,4000
437,12.12,715.0,60.0,7083.33,27000
438,13.85,705.0,36.0,3000.0,15000
439,10.16,725.0,36.0,1403.33,4950
440,10.0,730.0,36.0,6250.0,21000
441,15.31,675.0,36.0,5000.0,9000
442,18.75,695.0,60.0,9583.33,21000
443,19.05,660.0,36.0,3333.33,8000
444,6.91,760.0,60.0,4583.33,23000
445,14.65,680.0,36.0,8333.33,10000
446,9.99,730.0,60.0,6400.0,5000
447,10.16,730.0,36.0,11250.0,5350
448,12.42,705.0,36.0,3500.0,10000
449,10.16,720.0,36.0,5416.67,24000
450,7.9,705.0,36.0,7233.33,24000
451,14.09,685.0,36.0,3750.0,15475
452,21.0,670.0,36.0,8333.33,25000
453,9.91,730.0,36.0,2333.33,13000
454,7.62,730.0,36.0,2512.0,7550
455,15.31,685.0,36.0,3166.67,9600
456,15.21,700.0,60.0,5416.67,15000
457,14.11,675.0,36.0,4166.67,7000
458,15.31,665.0,36.0,2166.67,1000
459,12.87,720.0,36.0,6666.67,25000
460,14.33,725.0,36.0,11208.33,24000
461,18.49,700.0,60.0,16416.67,21000
462,13.11,670.0,36.0,1833.33,1000
463,9.63,780.0,60.0,5000.0,16000
464,17.27,725.0,60.0,6000.0,24400
465,7.9,720.0,36.0,3166.67,14675
466,19.05,660.0,36.0,4583.33,12000
467,13.11,700.0,36.0,3541.67,8000
468,13.11,685.0,36.0,3416.67,12000
469,10.99,730.0,60.0,5416.67,16800
470,14.33,680.0,36.0,3500.0,14500
471,16.63,680.0,36.0,8000.0,25000
472,13.11,740.0,60.0,4833.33,28625
473,22.95,670.0,60.0,20833.33,21000
474,9.76,780.0,60.0,7083.33,7500
475,10.38,730.0,36.0,6000.0,11875
476,13.67,690.0,36.0,5113.0,3600
477,15.31,695.0,36.0,5924.5,16000
478,23.28,660.0,60.0,4333.33,20500
479,18.25,665.0,36.0,6250.0,10000
480,17.49,695.0,60.0,3333.33,15000
481,11.99,680.0,36.0,3417.0,10000
482,11.71,685.0,36.0,3820.27,11000
483,19.05,690.0,60.0,5833.33,25000
484,10.16,675.0,36.0,7666.67,15000
485,14.09,665.0,36.0,3833.33,5600
486,11.71,720.0,36.0,4583.33,20000
487,19.72,665.0,60.0,4750.0,25450
488,11.12,715.0,36.0,6333.33,7000
489,12.12,690.0,36.0,3333.33,10400
490,14.84,705.0,36.0,7250.0,25000
491,11.97,705.0,36.0,7501.0,20000
492,17.43,675.0,60.0,4583.33,16000
493,7.9,725.0,36.0,7500.0,15000
494,19.72,675.0,60.0,5166.67,24625
495,13.11,690.0,36.0,4166.67,21850
496,15.31,670.0,36.0,7500.0,6000
497,16.0,725.0,36.0,4700.0,6700
498,12.21,700.0,36.0,7667.0,10000
499,15.31,670.0,36.0,5000.0,5775
500,15.27,680.0,36.0,4166.67,14475
501,17.27,670.0,36.0,2833.33,8000
502,12.12,700.0,36.0,5416.67,15000
503,17.77,680.0,36.0,4166.67,10000
504,13.49,690.0,36.0,2870.33,5600
505,16.32,685.0,60.0,2290.0,10000
506,14.09,675.0,36.0,5000.0,13000
507,9.99,745.0,60.0,1958.33,15000
508,12.12,680.0,36.0,2555.16,2100
509,12.12,685.0,36.0,7666.67,12000
510,13.16,670.0,36.0,3500.0,1000
511,14.09,735.0,60.0,4166.67,16000
512,7.9,730.0,36.0,3162.25,14000
513,10.16,690.0,36.0,7916.67,14000
514,12.21,725.0,36.0,6000.0,20000
515,11.14,760.0,36.0,6333.33,17000
516,10.74,745.0,60.0,5000.0,7350
517,10.25,775.0,36.0,4841.67,10000
518,11.36,710.0,36.0,15416.67,20000
519,7.14,760.0,36.0,3807.64,7000
520,12.12,715.0,60.0,9583.33,6000
521,10.0,715.0,36.0,5000.0,12000
522,6.03,750.0,36.0,2583.33,4225
523,12.29,700.0,36.0,3100.0,14700
524,6.76,755.0,36.0,4750.0,2500
525,14.84,670.0,36.0,2500.0,4800
526,15.96,665.0,36.0,5583.33,6000
527,6.03,750.0,36.0,7083.33,6000
528,15.31,670.0,36.0,6416.67,1800
529,15.8,675.0,36.0,3333.33,7200
530,12.12,680.0,36.0,8000.0,6000
531,11.14,670.0,36.0,6833.33,15300
532,9.32,775.0,36.0,2083.33,5000
533,17.77,665.0,36.0,4583.33,10500
534,17.77,660.0,36.0,10268.25,6625
535,22.47,665.0,60.0,4791.67,16000
536,16.29,675.0,60.0,4166.67,22000
537,15.21,680.0,60.0,6833.33,5000
538,8.9,680.0,36.0,12083.33,20000
539,13.06,670.0,36.0,7083.33,1500
540,7.49,730.0,36.0,5666.67,8000
541,16.29,705.0,60.0,7166.67,18225
542,7.62,740.0,36.0,2916.67,5000
543,13.99,685.0,36.0,2629.0,10000
544,17.77,670.0,36.0,2083.33,8000
545,10.75,720.0,36.0,6000.0,6000
546,18.62,685.0,60.0,5000.0,24250
547,12.69,675.0,36.0,14166.67,8700
548,14.65,725.0,60.0,6733.33,20400
549,6.62,740.0,36.0,3333.33,9000
550,11.14,715.0,36.0,6250.0,16100
551,21.0,670.0,36.0,7702.0,35000
552,7.66,700.0,36.0,6500.0,4600
553,14.18,685.0,36.0,4583.33,14400
554,11.14,685.0,36.0,3333.33,5000
555,19.05,660.0,36.0,7500.0,5500
556,13.98,720.0,60.0,5416.67,25000
557,14.09,670.0,36.0,10625.0,5000
558,14.65,710.0,36.0,2791.67,10000
559,11.89,740.0,36.0,5050.0,20000
560,17.14,680.0,36.0,1658.0,10000
561,9.76,740.0,36.0,5416.67,17000
562,22.47,665.0,60.0,5000.0,25000
563,7.9,710.0,36.0,8666.67,5000
564,13.11,685.0,36.0,5416.67,6000
565,17.27,670.0,36.0,5833.33,8000
566,14.09,695.0,36.0,8666.67,12000
567,8.94,720.0,36.0,4500.0,3000
568,6.17,770.0,60.0,1667.0,5000
569,10.16,705.0,36.0,3750.0,3200
570,18.49,670.0,36.0,3166.67,7625
571,22.11,690.0,60.0,1471.0,3000
572,11.49,730.0,36.0,3125.0,5000
573,12.99,685.0,36.0,5000.0,18500
574,14.09,690.0,36.0,4000.0,18000
575,10.59,695.0,36.0,3000.0,4200
576,7.29,725.0,36.0,5416.67,5000
577,11.71,730.0,60.0,4791.67,19000
578,16.77,675.0,36.0,7916.67,15000
579,19.72,680.0,60.0,4000.0,18625
580,7.62,720.0,36.0,1083.33,6075
581,15.31,690.0,36.0,3916.67,12500
582,15.31,665.0,36.0,7083.33,5000
583,12.12,690.0,36.0,3083.33,10000
584,16.77,660.0,36.0,3750.0,8000
585,15.81,680.0,36.0,5000.0,20000
586,13.49,685.0,36.0,4250.0,9600
587,9.76,695.0,36.0,2108.33,3600
588,18.75,690.0,36.0,3033.33,14075
589,7.51,735.0,36.0,3500.0,3000
590,10.16,760.0,36.0,9220.0,35000
591,6.99,750.0,36.0,2250.0,1700
592,7.51,790.0,36.0,4833.0,8800
593,12.18,740.0,36.0,8910.42,24250
594,11.14,720.0,36.0,4416.67,10750
595,15.96,660.0,36.0,3264.0,6000
596,10.16,700.0,36.0,5000.0,15000
597,14.33,700.0,36.0,5500.0,15000
598,13.11,680.0,36.0,7500.0,10000
599,12.12,690.0,36.0,5000.0,5950
600,10.99,700.0,36.0,5833.33,10000
601,15.23,670.0,36.0,2916.67,4000
602,7.88,780.0,36.0,10417.0,15000
603,15.31,665.0,36.0,2500.0,10000
604,13.11,700.0,36.0,2166.67,8875
605,10.74,705.0,36.0,2000.0,2400
606,20.53,675.0,60.0,8000.0,25000
607,16.07,685.0,36.0,3937.08,5500
608,12.53,685.0,36.0,2916.67,6000
609,19.05,690.0,60.0,7500.0,18000
610,7.9,800.0,36.0,7000.0,28000
611,16.29,725.0,60.0,7055.0,32000
612,13.11,690.0,36.0,2625.0,6000
613,8.9,750.0,60.0,3750.0,7200
614,11.14,700.0,36.0,2916.67,11500
615,5.42,790.0,36.0,6333.33,4800
616,10.65,685.0,36.0,2333.33,4000
617,10.65,720.0,36.0,9083.33,15000
618,17.99,675.0,36.0,5319.17,15000
619,12.42,705.0,36.0,16666.67,25000
620,18.75,680.0,60.0,1560.0,4800
621,6.62,735.0,36.0,3583.33,9500
622,12.53,705.0,36.0,8750.0,15000
623,13.98,675.0,36.0,6250.0,6000
624,6.03,740.0,36.0,6666.67,12300
625,7.51,755.0,36.0,4250.0,24000
626,11.12,705.0,36.0,6833.33,2000
627,9.76,710.0,36.0,8750.0,14000
628,12.12,700.0,36.0,5000.0,10000
629,9.63,785.0,36.0,3500.0,13000
630,16.29,690.0,60.0,5416.67,5000
631,12.42,670.0,36.0,2500.0,6000
632,14.33,710.0,36.0,2916.67,10050
633,7.9,720.0,36.0,1500.0,4800
634,10.74,700.0,36.0,6833.33,14400
635,15.31,695.0,36.0,2833.33,11625
636,10.16,720.0,36.0,4750.0,18200
637,13.35,710.0,36.0,9160.0,20000
638,17.27,695.0,60.0,3333.33,9600
639,11.83,715.0,36.0,4833.0,9000
640,18.25,725.0,60.0,8083.33,35000
641,7.51,735.0,36.0,6000.0,1900
642,13.67,710.0,36.0,5166.67,20000
643,10.37,675.0,36.0,3166.67,2400
644,11.71,675.0,36.0,3333.33,4500
645,12.12,710.0,36.0,8750.0,12000
646,8.63,730.0,36.0,7500.0,10000
647,7.9,730.0,36.0,2833.33,11575
648,6.62,720.0,36.0,8161.33,20000
649,14.7,640.0,36.0,6500.0,6000
650,10.0,700.0,36.0,3250.0,2800
651,14.09,680.0,36.0,4250.0,6000
652,6.91,735.0,36.0,9208.0,20000
653,13.99,720.0,60.0,6083.33,22000
654,13.11,675.0,36.0,5416.67,10000
655,12.12,690.0,36.0,4666.67,9450
656,7.66,725.0,36.0,6354.0,10400
657,15.28,720.0,60.0,3000.0,15875
658,12.12,730.0,60.0,8333.33,18000
659,8.9,710.0,36.0,5000.0,8000
660,14.33,760.0,36.0,4166.67,12000
661,6.54,795.0,60.0,5000.0,20000
662,16.77,660.0,36.0,2916.67,10000
663,19.03,680.0,60.0,4497.0,24500
664,12.12,695.0,36.0,6250.0,10000
665,7.9,735.0,36.0,4166.67,3600
666,17.49,670.0,60.0,5445.0,12000
667,10.74,685.0,36.0,4583.33,6950
668,10.16,705.0,36.0,4583.33,8525
669,14.33,690.0,36.0,2750.0,5000
670,18.25,695.0,60.0,3750.0,4800
671,13.35,665.0,36.0,5000.0,6000
672,19.22,680.0,60.0,3700.0,4000
673,6.03,745.0,36.0,7500.0,14000
674,14.65,685.0,36.0,4000.0,23500
675,15.95,665.0,36.0,1500.0,2500
676,6.17,745.0,36.0,1600.0,2000
677,16.29,675.0,60.0,7800.0,24000
678,11.49,725.0,60.0,4166.67,12800
679,7.9,725.0,36.0,5166.67,8000
680,9.99,710.0,36.0,2333.33,3000
681,7.9,725.0,36.0,12500.0,7000
682,13.48,690.0,36.0,8333.33,18000
683,14.11,670.0,36.0,4167.0,9000
684,10.99,695.0,36.0,6666.67,11000
685,7.9,720.0,36.0,4416.67,6000
686,7.74,785.0,36.0,1500.0,6500
687,18.49,675.0,36.0,10000.0,19500
688,17.27,695.0,60.0,7000.0,16000
689,14.33,685.0,60.0,12916.67,18000
690,23.33,665.0,60.0,7083.33,30000
691,14.09,660.0,36.0,8750.0,10000
692,15.58,700.0,60.0,5427.42,16000
693,17.58,690.0,36.0,13333.33,35000
694,13.72,665.0,36.0,7758.33,8000
695,13.11,700.0,36.0,5988.67,14500
696,10.62,720.0,36.0,5000.0,12000
697,13.43,670.0,36.0,11500.0,4500
698,11.83,725.0,36.0,4810.08,16500
699,9.91,705.0,36.0,3666.67,10000
700,19.05,690.0,60.0,9166.67,35000
701,11.09,745.0,36.0,18333.33,21000
702,15.45,640.0,36.0,7083.33,8400
703,7.9,705.0,36.0,1750.0,6000
704,19.22,665.0,36.0,4166.67,12000
705,16.89,665.0,36.0,6166.67,12100
706,14.09,675.0,36.0,6833.33,25000
707,6.03,780.0,36.0,7333.33,16000
708,18.25,690.0,36.0,8583.33,27000
709,18.75,665.0,36.0,2916.67,12250
710,17.77,665.0,36.0,2500.0,10000
711,13.67,675.0,36.0,7083.33,9175
712,15.31,680.0,36.0,4000.0,14075
713,18.55,660.0,36.0,7968.75,13100
714,8.9,715.0,36.0,4000.0,14675
715,11.14,710.0,36.0,3200.0,5000
716,13.11,670.0,36.0,4166.67,18000
717,7.62,775.0,36.0,5666.67,12000
718,14.33,680.0,36.0,4583.33,19400
719,12.12,665.0,36.0,3333.33,18000
720,17.77,665.0,36.0,7500.0,12000
721,13.11,675.0,36.0,4166.67,8000
722,19.72,710.0,60.0,8333.33,23750
723,15.58,695.0,36.0,5000.0,7500
724,12.69,680.0,36.0,1666.67,5500
725,17.27,710.0,60.0,3583.33,16950
726,11.14,715.0,36.0,4333.33,3000
727,13.49,670.0,36.0,3200.0,1600
728,7.49,715.0,36.0,5833.33,6000
729,12.12,695.0,36.0,3355.05,7350
730,17.77,670.0,36.0,3416.67,12825
731,21.0,685.0,60.0,6500.0,24000
732,18.49,695.0,60.0,4104.67,10000
733,14.33,675.0,36.0,1541.67,5500
734,14.72,695.0,36.0,9519.75,17500
735,13.11,680.0,36.0,7500.0,10000
736,6.17,770.0,36.0,8083.33,20000
737,6.99,735.0,36.0,5833.33,11600
738,13.99,715.0,60.0,4166.67,12000
739,11.26,720.0,36.0,7666.67,13000
740,17.27,665.0,36.0,2500.0,8575
741,14.09,685.0,36.0,6666.67,6100
742,15.31,680.0,36.0,5000.0,14000
743,14.33,670.0,36.0,5666.67,10500
744,21.49,675.0,60.0,4170.0,19600
745,15.8,670.0,36.0,3333.33,15000
746,17.27,725.0,36.0,5833.33,8000
747,21.49,660.0,36.0,7750.0,20000
748,12.53,700.0,36.0,3500.0,11000
749,17.9,675.0,36.0,4166.67,6000
750,11.14,705.0,36.0,10833.33,12000
751,13.11,690.0,36.0,5083.33,17000
752,7.9,720.0,36.0,1916.67,6250
753,23.76,665.0,60.0,6250.0,27825
754,15.31,680.0,36.0,8333.33,30000
755,14.11,675.0,36.0,1558.42,4200
756,21.98,680.0,36.0,4333.33,3800
757,15.31,670.0,36.0,2766.67,2000
758,14.09,680.0,36.0,4000.0,6000
759,19.05,685.0,60.0,8416.67,21000
760,13.49,680.0,36.0,5416.67,2500
761,16.77,690.0,36.0,2700.0,2400
762,10.74,720.0,36.0,2166.67,13000
763,14.65,665.0,36.0,5000.0,4800
764,9.91,730.0,36.0,3333.33,17475
765,21.97,670.0,60.0,2833.33,16450
766,14.65,680.0,36.0,8750.0,14000
767,17.27,665.0,36.0,5833.33,2500
768,18.49,660.0,36.0,4166.67,8000
769,12.53,705.0,36.0,3108.33,5000
770,13.11,690.0,36.0,9000.0,15000
771,12.69,720.0,60.0,22916.67,25000
772,8.9,700.0,36.0,1000.0,3000
773,7.9,705.0,36.0,4116.67,6000
774,10.65,720.0,36.0,4000.0,7800
775,7.9,710.0,36.0,7083.33,25000
776,15.33,660.0,36.0,7500.0,18500
777,12.99,710.0,60.0,9166.67,12000
778,15.99,665.0,36.0,2416.67,5000
779,10.59,745.0,60.0,3958.0,2500
780,16.29,710.0,60.0,5083.33,16000
781,15.31,745.0,60.0,5666.67,25000
782,16.89,660.0,36.0,3400.0,2000
783,10.16,730.0,36.0,3400.0,2200
784,10.25,730.0,36.0,8333.33,14000
785,13.11,670.0,36.0,2583.33,3000
786,9.91,730.0,36.0,4750.0,11425
787,17.27,705.0,60.0,3750.0,17325
788,8.49,730.0,36.0,6333.33,5425
789,22.78,665.0,60.0,12500.0,20000
790,11.71,700.0,36.0,3730.0,3300
791,17.27,670.0,36.0,3750.0,2000
792,13.11,745.0,36.0,5833.33,26500
793,18.55,670.0,36.0,4833.33,17975
794,13.47,700.0,36.0,4458.33,15000
795,13.99,725.0,60.0,3500.0,16400
796,13.99,700.0,60.0,8833.33,13500
797,15.27,670.0,36.0,7083.33,12000
798,21.48,665.0,60.0,2833.33,16750
799,12.18,745.0,36.0,1125.0,8000
800,9.76,710.0,36.0,5416.67,10000
801,15.21,670.0,36.0,7083.0,10000
802,13.85,720.0,36.0,6620.0,5525
803,19.69,705.0,60.0,3666.67,17200
804,16.29,680.0,36.0,4166.67,19600
805,11.48,715.0,36.0,3833.33,4000
806,13.11,735.0,36.0,5000.0,13000
807,9.63,790.0,36.0,4250.0,8000
808,10.08,755.0,36.0,7916.67,25000
809,10.25,750.0,36.0,7083.33,20000
810,17.27,680.0,60.0,7833.33,27575
811,14.33,670.0,36.0,7500.0,24000
812,18.49,660.0,36.0,5000.0,7000
813,16.77,685.0,60.0,3500.0,12000
814,19.03,670.0,60.0,3616.0,14000
815,11.14,725.0,36.0,2500.0,10000
816,6.03,780.0,36.0,4766.67,7750
817,13.67,690.0,36.0,3333.33,15000
818,11.86,705.0,36.0,5000.0,15000
819,15.31,685.0,36.0,5416.67,25000
820,14.91,720.0,60.0,4407.0,15000
821,16.29,660.0,36.0,8750.0,5000
822,12.98,665.0,36.0,3250.0,5000
823,15.31,680.0,36.0,6666.67,35000
824,15.37,675.0,36.0,5000.0,7500
825,10.36,765.0,60.0,3333.33,25000
826,11.12,700.0,36.0,5416.67,3800
827,8.9,700.0,36.0,3250.0,2800
828,7.49,730.0,36.0,2900.0,6250
829,9.91,725.0,36.0,3333.33,18000
830,17.27,660.0,36.0,2752.92,6000
831,14.09,710.0,36.0,4583.33,20000
832,11.14,700.0,36.0,2666.67,8000
833,6.62,790.0,36.0,9833.33,12000
834,11.12,775.0,60.0,5686.67,24000
835,11.49,690.0,36.0,4900.0,3000
836,6.99,745.0,36.0,3750.0,5000
837,13.99,730.0,60.0,3750.0,21850
838,23.28,675.0,60.0,5833.33,21850
839,13.47,690.0,36.0,6666.67,10000
840,15.68,680.0,36.0,2500.0,15000
841,7.29,740.0,36.0,6048.0,9600
842,20.5,670.0,36.0,7301.58,25000
843,11.49,780.0,60.0,3333.33,25000
844,7.9,810.0,36.0,13416.67,30000
845,16.89,700.0,60.0,4000.0,20000
846,13.67,695.0,36.0,2500.0,14825
847,17.27,670.0,36.0,6000.0,8000
848,11.71,720.0,36.0,10416.67,20000
849,7.9,765.0,36.0,2300.0,7000
850,10.62,760.0,36.0,2416.67,20000
851,11.03,680.0,36.0,3166.67,5000
852,13.11,675.0,36.0,3333.33,17625
853,13.11,685.0,36.0,3666.67,7150
854,10.36,720.0,36.0,8533.33,25000
855,14.33,675.0,36.0,4500.0,15000
856,6.62,765.0,36.0,4166.67,9000
857,16.35,665.0,36.0,7500.0,17600
858,12.68,690.0,36.0,2500.0,10000
859,15.2,675.0,60.0,6750.0,11200
860,15.31,680.0,36.0,5833.33,13225
861,11.14,700.0,36.0,3333.33,4000
862,10.99,720.0,36.0,12083.33,12000
863,19.05,735.0,36.0,13750.0,35000
864,14.59,705.0,36.0,8750.0,25000
865,6.03,750.0,36.0,5000.0,9000
866,12.12,700.0,36.0,4850.0,18225
867,14.72,660.0,36.0,866.67,4750
868,6.62,770.0,36.0,12500.0,14400
869,23.76,660.0,60.0,6928.13,30000
870,12.12,715.0,36.0,2250.0,13475
871,19.05,675.0,36.0,3750.0,10000
872,6.62,740.0,36.0,5833.33,12000
873,16.89,695.0,60.0,3083.0,6000
874,6.54,725.0,36.0,7500.0,9500
875,10.38,780.0,60.0,3791.67,12000
876,8.9,705.0,36.0,6666.67,5000
877,8.9,745.0,36.0,1558.33,3600
878,14.27,735.0,60.0,4833.33,27000
879,14.27,665.0,36.0,7500.0,10000
880,13.11,670.0,36.0,3500.0,5450
881,15.28,700.0,60.0,3006.44,16000
882,17.27,670.0,36.0,2817.5,9750
883,7.51,785.0,36.0,10416.67,30000
884,12.12,705.0,36.0,6250.0,14000
885,6.62,740.0,36.0,4166.67,8500
886,7.9,745.0,36.0,13100.0,14400
887,7.14,765.0,36.0,3750.0,8000
888,13.11,680.0,36.0,13166.67,12000
889,13.11,695.0,36.0,6166.67,10400
890,18.75,695.0,60.0,10250.0,21000
891,11.83,705.0,36.0,6333.33,6000
892,13.67,730.0,60.0,7500.0,10800
893,14.33,690.0,36.0,1000.0,2100
894,6.03,770.0,36.0,6583.33,4000
895,7.62,725.0,36.0,4333.33,3500
896,12.53,725.0,36.0,18750.0,24250
897,14.33,715.0,60.0,5000.0,19000
898,15.33,670.0,36.0,3083.33,10500
899,18.49,670.0,36.0,3916.67,2500
900,14.59,690.0,36.0,5416.67,16000
901,13.75,665.0,36.0,1000.0,3000
902,5.42,780.0,36.0,7500.0,10000
903,14.09,685.0,36.0,4166.67,7100
904,9.32,780.0,36.0,4166.67,12500
905,13.99,675.0,36.0,1200.0,1700
906,11.14,670.0,36.0,6666.67,4000
907,17.99,675.0,36.0,3083.33,18225
908,16.29,735.0,60.0,13666.67,30000
909,6.54,730.0,36.0,6916.67,10000
910,7.9,720.0,36.0,7500.0,6000
911,12.12,675.0,36.0,5000.0,6000
912,15.8,675.0,36.0,1666.67,6000
913,17.77,665.0,36.0,4750.0,7000
914,15.31,670.0,36.0,4166.67,10000
915,12.73,675.0,36.0,5000.0,3250
916,19.72,685.0,60.0,10416.67,30000
917,11.11,700.0,36.0,18750.0,21000
918,7.62,735.0,36.0,7666.67,11000
919,7.14,750.0,36.0,3916.67,5500
920,7.9,770.0,36.0,2916.67,15000
921,19.91,670.0,60.0,7916.67,20000
922,8.07,760.0,36.0,5100.0,7200
923,18.64,675.0,60.0,4000.0,4000
924,8.9,730.0,36.0,7083.33,20000
925,12.12,705.0,36.0,5000.0,15000
926,11.83,730.0,36.0,5417.0,8000
927,19.74,660.0,60.0,5833.33,15000
928,11.14,685.0,36.0,7000.0,8000
929,14.33,710.0,36.0,4333.33,20675
930,15.31,695.0,60.0,8500.0,30000
931,7.66,740.0,36.0,5416.67,12000
932,9.99,695.0,36.0,5316.67,5000
933,8.9,760.0,36.0,2833.33,4750
934,12.12,680.0,36.0,3500.0,6500
935,10.59,720.0,36.0,9000.0,21600
936,12.84,670.0,36.0,2860.0,1900
937,7.9,710.0,36.0,10416.67,6000
938,7.62,720.0,36.0,4333.33,8500
939,12.12,685.0,36.0,3333.33,9250
940,13.49,675.0,36.0,1200.0,1875
941,12.61,675.0,36.0,1930.75,2500
942,13.47,690.0,36.0,4583.0,10000
943,15.23,730.0,60.0,8917.0,25000
944,13.99,710.0,60.0,3083.0,5000
945,13.61,695.0,60.0,2700.0,6000
946,14.22,680.0,36.0,2541.67,10000
947,6.62,730.0,36.0,3000.0,5375
948,16.32,700.0,60.0,4333.33,19000
949,11.89,695.0,36.0,3583.33,5500
950,10.74,700.0,36.0,5833.33,10000
951,13.11,740.0,60.0,2500.0,8800
952,15.95,705.0,60.0,6000.0,9500
953,5.79,765.0,36.0,6700.0,12000
954,11.71,725.0,36.0,7250.0,16500
955,11.71,755.0,60.0,6250.0,25000
956,12.12,700.0,36.0,4500.0,24000
957,10.36,690.0,36.0,5000.0,7000
958,18.25,660.0,36.0,1700.0,1200
959,13.11,710.0,36.0,6250.0,24175
960,7.9,720.0,36.0,3583.33,2800
961,11.71,705.0,60.0,3500.0,4000
962,12.12,665.0,36.0,7500.0,10000
963,10.16,710.0,36.0,2946.67,7125
964,8.32,750.0,36.0,6666.67,10000
965,13.11,695.0,36.0,6250.0,10000
966,15.31,670.0,36.0,4625.0,4400
967,12.12,710.0,36.0,4166.67,10000
968,12.12,700.0,36.0,2750.0,9450
969,7.62,765.0,36.0,7500.0,3500
970,12.69,725.0,60.0,10000.0,24000
971,10.99,700.0,36.0,4583.33,11750
972,10.16,765.0,36.0,9583.33,30000
973,18.75,665.0,36.0,13333.33,12000
974,14.09,695.0,36.0,7916.67,13000
975,13.48,710.0,36.0,3800.0,5000
976,14.33,700.0,36.0,9166.67,15000
977,13.43,745.0,60.0,5000.0,16000
978,15.23,705.0,60.0,7083.33,12000
979,14.33,675.0,36.0,7266.67,10050
980,15.23,760.0,60.0,10000.0,35000
981,22.95,685.0,60.0,7500.0,30000
982,12.18,740.0,36.0,5000.0,24250
983,6.03,790.0,36.0,12916.67,16000
984,15.05,675.0,36.0,5166.67,9000
985,11.12,750.0,60.0,8500.0,17000
986,7.75,760.0,36.0,666.67,5400
987,12.12,690.0,36.0,3833.33,12000
988,17.27,670.0,36.0,1666.67,2000
989,12.69,710.0,36.0,4583.33,24000
990,22.47,660.0,60.0,4000.0,16800
991,17.27,660.0,36.0,2750.0,3000
992,12.69,665.0,36.0,7083.0,3500
993,7.66,725.0,36.0,3600.0,4000
994,16.29,695.0,36.0,3333.33,16000
995,18.25,685.0,60.0,2916.67,8800
996,7.9,755.0,36.0,6916.67,19725
997,15.96,680.0,36.0,5166.67,19750
998,20.77,670.0,60.0,4000.0,19750
999,16.32,695.0,36.0,10000.0,10000
1000,8.63,730.0,36.0,2600.0,5000
1001,6.62,760.0,36.0,4333.33,9600
1002,21.49,705.0,60.0,12500.0,30000
1003,12.42,685.0,36.0,7083.33,7000
1004,10.74,720.0,36.0,2083.33,8400
1005,14.33,675.0,36.0,3333.33,5600
1006,7.88,790.0,60.0,19583.0,20000
1007,12.12,720.0,36.0,3166.67,15000
1008,13.23,735.0,60.0,3500.0,17500
1009,12.12,790.0,60.0,8750.0,32400
1010,12.12,685.0,36.0,7083.33,12000
1011,14.09,680.0,36.0,2250.0,10000
1012,7.88,745.0,36.0,4738.67,12300
1013,11.14,690.0,36.0,8750.0,15000
1014,11.97,685.0,36.0,2500.0,5000
1015,13.11,695.0,36.0,14166.67,20000
1016,16.29,695.0,36.0,9166.67,21725
1017,10.0,735.0,60.0,4000.0,5000
1018,8.9,715.0,36.0,2583.33,10300
1019,20.49,660.0,36.0,4166.67,14400
1020,16.49,680.0,36.0,6294.25,15000
1021,19.72,690.0,60.0,13333.33,35000
1022,15.8,675.0,36.0,3166.67,7000
1023,15.96,695.0,60.0,5300.0,12500
1024,12.12,705.0,36.0,6666.67,18000
1025,11.89,695.0,36.0,4166.67,6000
1026,8.9,725.0,36.0,5750.0,16000
1027,23.28,675.0,60.0,8333.33,35000
1028,6.62,735.0,36.0,13166.67,10000
1029,24.7,675.0,60.0,9166.67,21000
1030,12.12,705.0,36.0,4166.67,8000
1031,20.3,695.0,60.0,20000.0,33600
1032,14.74,675.0,36.0,5250.0,11050
1033,15.31,695.0,36.0,7666.67,16000
1034,14.65,730.0,60.0,4583.33,15000
1035,14.33,685.0,36.0,8000.0,12000
1036,14.96,670.0,36.0,1700.0,4000
1037,17.99,660.0,36.0,5129.0,12000
1038,10.36,690.0,36.0,10333.33,12000
1039,5.42,785.0,36.0,2583.33,7500
1040,7.88,785.0,36.0,11666.67,24000
1041,15.31,690.0,36.0,6000.0,16000
1042,21.48,695.0,60.0,6666.67,12200
1043,10.16,710.0,36.0,8054.5,12000
1044,15.31,665.0,36.0,3333.33,12000
1045,5.99,765.0,36.0,6666.67,9800
1046,14.72,670.0,36.0,6833.0,7000
1047,11.71,720.0,36.0,5500.0,10000
1048,13.11,710.0,36.0,4958.33,10000
1049,11.99,745.0,60.0,4666.67,17000
1050,19.22,675.0,60.0,4666.67,18000
1051,11.97,680.0,36.0,15000.0,15600
1052,12.41,720.0,36.0,3750.0,16750
1053,12.12,680.0,36.0,3208.33,7200
1054,12.99,690.0,36.0,5000.0,1500
1055,12.12,685.0,36.0,5416.67,13600
1056,24.33,670.0,60.0,11250.0,30000
1057,17.77,680.0,36.0,2500.0,10000
1058,10.25,730.0,36.0,5916.67,10000
1059,11.71,695.0,36.0,3746.58,10000
1060,13.16,700.0,36.0,3041.67,7000
1061,7.9,760.0,36.0,3416.67,4700
1062,9.91,720.0,36.0,7916.67,21200
1063,19.05,665.0,36.0,5000.0,15000
1064,14.17,680.0,36.0,3458.0,2800
1065,13.11,700.0,36.0,4166.67,15000
1066,11.14,735.0,60.0,6250.0,24925
1067,11.71,705.0,36.0,5416.67,15000
1068,6.03,780.0,36.0,3500.0,9100
1069,12.12,690.0,36.0,5416.67,12000
1070,23.28,660.0,60.0,4300.0,16250
1071,18.49,715.0,60.0,7666.67,25000
1072,15.31,660.0,36.0,9000.0,30000
1073,11.59,680.0,36.0,7083.33,4800
1074,12.12,680.0,36.0,6333.33,3000
1075,12.18,715.0,36.0,5292.0,17000
1076,17.56,680.0,36.0,5833.33,12000
1077,19.05,670.0,60.0,13125.0,27575
1078,8.9,715.0,36.0,3000.0,5000
1079,13.11,680.0,36.0,3466.67,9000
1080,13.23,730.0,60.0,5683.0,12000
1081,7.9,760.0,36.0,4583.33,16500
1082,11.89,745.0,36.0,6000.0,18000
1083,18.64,720.0,60.0,5833.33,30000
1084,20.5,705.0,60.0,7083.33,30000
1085,13.16,680.0,36.0,3583.33,10000
1086,15.8,675.0,36.0,10000.0,12000
1087,10.16,710.0,36.0,4285.5,10000
1088,14.65,670.0,36.0,3666.67,3800
1089,10.16,715.0,36.0,5850.0,18775
1090,17.27,670.0,36.0,2500.0,7200
1091,13.99,720.0,60.0,4416.67,25450
1092,11.12,705.0,36.0,5750.0,6000
1093,5.99,760.0,36.0,7250.0,8000
1094,14.27,675.0,36.0,4083.33,10000
1095,14.65,695.0,60.0,3333.0,4800
1096,12.12,675.0,36.0,5166.67,7000
1097,7.9,720.0,36.0,5000.0,9975
1098,22.95,680.0,60.0,5083.33,30075
1099,10.59,710.0,36.0,8333.33,10000
1100,12.12,750.0,60.0,5833.33,30000
1101,17.27,695.0,60.0,4666.67,16000
1102,18.49,675.0,36.0,4500.0,21200
1103,7.51,805.0,36.0,3208.33,6500
1104,9.76,725.0,36.0,3833.33,19000
1105,11.89,720.0,36.0,1750.0,6500
1106,21.49,685.0,36.0,3583.33,1500
1107,23.63,660.0,60.0,11666.67,24000
1108,18.75,675.0,36.0,8333.33,20000
1109,13.49,695.0,36.0,4166.67,10000
1110,9.2,730.0,36.0,13750.0,10000
1111,11.14,795.0,60.0,3250.0,10000
1112,19.91,670.0,60.0,4333.33,9000
1113,11.36,685.0,36.0,2750.0,4200
1114,17.77,665.0,36.0,2916.67,6625
1115,15.96,680.0,36.0,8833.33,15000
1116,14.27,670.0,36.0,2495.83,3825
1117,9.25,700.0,36.0,7000.0,4200
1118,8.9,725.0,36.0,3333.33,17325
1119,18.49,720.0,60.0,8606.56,25000
1120,17.49,695.0,36.0,2083.33,8000
1121,6.62,765.0,36.0,4416.67,12000
1122,6.03,765.0,36.0,3125.0,5000
1123,9.99,750.0,36.0,4583.33,14000
1124,22.78,660.0,36.0,8791.67,30000
1125,8.9,765.0,36.0,2750.0,10750
1126,12.99,740.0,60.0,8333.33,24000
1127,15.31,670.0,36.0,6041.67,10000
1128,17.27,675.0,36.0,4333.33,16550
1129,5.99,740.0,36.0,2500.0,3300
1130,14.09,675.0,36.0,3500.0,8000
1131,16.89,745.0,60.0,5416.67,35000
1132,10.65,720.0,36.0,3200.0,14000
1133,8.9,755.0,60.0,8333.33,18000
1134,13.49,720.0,60.0,2500.0,10000
1135,16.77,670.0,36.0,8750.0,3600
1136,5.79,765.0,36.0,8000.0,12000
1137,20.49,660.0,60.0,3166.67,4200
1138,14.61,665.0,36.0,6333.33,4200
1139,21.74,660.0,60.0,5583.33,11200
1140,15.99,675.0,36.0,4583.0,15000
1141,11.99,755.0,36.0,8750.0,12100
1142,13.98,715.0,60.0,3145.83,14000
1143,5.99,770.0,36.0,2666.67,4900
1144,12.12,715.0,36.0,3583.33,19200
1145,9.76,705.0,36.0,5333.33,8500
1146,7.88,760.0,36.0,3333.33,12000
1147,19.22,680.0,60.0,6000.0,21000
1148,17.99,715.0,60.0,14000.0,35000
1149,12.12,685.0,36.0,3833.33,10000
1150,17.99,685.0,60.0,4300.0,10000
1151,18.49,660.0,36.0,5746.0,12000
1152,11.99,720.0,60.0,4166.67,12000
1153,6.76,755.0,36.0,3350.0,4000
1154,19.72,675.0,60.0,5416.67,20000
1155,13.99,695.0,36.0,11500.0,24375
1156,9.07,750.0,36.0,5000.0,7500
1157,10.74,700.0,36.0,4000.0,9550
1158,20.5,690.0,60.0,5077.58,25000
1159,12.87,690.0,36.0,6333.0,3600
1160,11.11,700.0,36.0,6083.33,10000
1161,6.62,790.0,36.0,10333.33,20000
1162,10.74,740.0,36.0,8300.0,35000
1163,12.12,710.0,36.0,10416.67,12000
1164,14.82,655.0,36.0,6083.33,5600
1165,7.9,750.0,36.0,15000.0,20000
1166,10.16,710.0,36.0,5925.0,18000
1167,7.51,765.0,36.0,2430.0,8000
1168,9.76,705.0,36.0,4166.67,4000
1169,7.9,715.0,36.0,2100.0,6000
1170,17.77,670.0,36.0,4333.33,15000
1171,13.67,745.0,60.0,6666.67,20950
1172,7.9,725.0,36.0,3333.33,10625
1173,10.16,755.0,60.0,3500.0,9000
1174,11.48,745.0,36.0,4166.67,20000
1175,13.11,715.0,36.0,4833.33,25800
1176,6.62,760.0,36.0,4166.67,10000
1177,11.58,715.0,36.0,3333.33,12000
1178,20.49,660.0,36.0,4833.33,18650
1179,12.12,710.0,36.0,3816.67,10000
1180,16.77,670.0,36.0,12083.33,14000
1181,14.09,695.0,36.0,9166.67,14000
1182,17.56,670.0,60.0,5000.0,14400
1183,14.33,690.0,36.0,3108.0,8000
1184,11.83,720.0,36.0,10250.0,12000
1185,13.11,705.0,36.0,10416.67,24375
1186,7.9,710.0,36.0,7247.0,3500
1187,13.67,675.0,36.0,3000.0,7900
1188,12.12,695.0,36.0,3640.0,10000
1189,17.58,725.0,60.0,7110.42,10400
1190,7.14,755.0,36.0,2916.67,7500
1191,14.33,720.0,60.0,5000.0,18800
1192,13.11,695.0,36.0,7916.67,21000
1193,6.62,750.0,36.0,6300.0,8500
1194,11.71,705.0,36.0,3791.67,13200
1195,19.99,710.0,60.0,4416.67,3000
1196,22.47,670.0,60.0,5666.67,19200
1197,18.64,675.0,60.0,5651.33,13600
1198,7.88,730.0,36.0,5500.0,6000
1199,14.65,705.0,60.0,3912.0,22000
1200,15.31,665.0,36.0,3333.33,12000
1201,18.39,675.0,36.0,8125.0,5000
1202,7.9,770.0,36.0,6500.0,31050
1203,7.9,730.0,36.0,6666.67,10000
1204,14.09,700.0,36.0,3750.0,10000
1205,7.9,740.0,36.0,2500.0,13250
1206,14.27,695.0,36.0,5208.33,5000
1207,13.11,710.0,36.0,3166.67,14675
1208,10.0,745.0,36.0,2375.0,7000
1209,17.77,665.0,36.0,1666.67,6000
1210,12.69,735.0,60.0,4500.0,20000
1211,12.12,695.0,36.0,3916.67,7000
1212,12.12,695.0,36.0,3625.0,1500
1213,18.49,705.0,36.0,11000.0,35000
1214,18.25,695.0,60.0,6666.67,20000
1215,14.27,710.0,60.0,5333.33,21000
1216,6.03,755.0,36.0,4944.92,12500
1217,15.01,695.0,36.0,15416.67,25000
1218,14.46,680.0,60.0,5500.0,9600
1219,13.85,675.0,36.0,4600.0,8100
1220,14.65,690.0,36.0,3666.67,15000
1221,16.32,685.0,60.0,14000.0,15000
1222,11.14,695.0,36.0,5000.0,11000
1223,14.17,670.0,36.0,5416.67,9600
1224,13.11,775.0,36.0,5000.0,25000
1225,13.11,685.0,36.0,4583.33,14550
1226,10.74,700.0,36.0,2500.0,10000
1227,11.14,705.0,60.0,8000.0,24000
1228,10.65,745.0,60.0,5200.0,20000
1229,11.49,725.0,36.0,25000.0,25000
1230,17.77,670.0,36.0,3250.0,7200
1231,14.33,675.0,36.0,2916.67,5000
1232,16.49,710.0,60.0,5000.0,20000
1233,7.91,730.0,36.0,3166.67,5600
1234,7.9,750.0,36.0,10400.0,20000
1235,8.9,715.0,36.0,12500.0,6000
1236,17.49,670.0,60.0,2609.0,3200
1237,14.09,710.0,36.0,4583.33,24375
1238,12.12,715.0,36.0,6500.0,25225
1239,15.95,700.0,60.0,6666.67,20000
1240,17.77,710.0,36.0,8333.33,30225
1241,7.4,770.0,36.0,3352.0,7000
1242,15.65,735.0,60.0,6308.75,35000
1243,9.76,725.0,36.0,2375.0,7575
1244,13.11,695.0,36.0,4166.67,15000
1245,15.81,725.0,60.0,10000.0,24000
1246,15.31,675.0,60.0,6666.67,19800
1247,10.75,755.0,60.0,8500.0,9250
1248,15.96,660.0,36.0,6916.67,6000
1249,15.31,685.0,36.0,5000.0,3500
1250,14.82,645.0,36.0,4500.0,7200
1251,6.03,760.0,36.0,7500.0,12000
1252,7.9,730.0,36.0,7258.33,20000
1253,12.12,685.0,36.0,2583.33,3900
1254,19.22,680.0,60.0,3416.67,16000
1255,15.99,675.0,36.0,8583.33,15000
1256,20.5,695.0,60.0,4833.33,28200
1257,13.49,705.0,36.0,6666.67,15000
1258,13.99,675.0,36.0,4166.25,7400
1259,10.59,730.0,36.0,5150.0,15000
1260,5.99,765.0,36.0,3644.83,4500
1261,14.09,680.0,36.0,4789.33,3000
1262,14.27,675.0,36.0,5833.33,9000
1263,8.9,705.0,36.0,4583.33,4000
1264,17.27,665.0,36.0,2916.67,10000
1265,15.99,690.0,60.0,3500.0,6400
1266,10.16,715.0,36.0,11000.0,4325
1267,13.11,695.0,36.0,4583.33,12000
1268,15.31,665.0,36.0,9000.0,10000
1269,10.16,720.0,36.0,6250.0,12000
1270,12.12,690.0,36.0,4333.33,6000
1271,13.49,700.0,36.0,6666.67,2200
1272,14.27,670.0,36.0,5000.0,5000
1273,19.69,665.0,60.0,3376.0,12000
1274,7.9,705.0,36.0,5583.33,3000
1275,21.49,700.0,60.0,13999.17,30000
1276,12.12,695.0,36.0,5833.33,10800
1277,18.25,660.0,36.0,8750.0,10500
1278,6.62,755.0,36.0,10833.33,10000
1279,12.12,715.0,36.0,5791.67,24000
1280,14.09,690.0,36.0,3333.33,16000
1281,13.99,705.0,36.0,3500.0,15000
1282,21.98,660.0,36.0,4500.0,9500
1283,19.05,690.0,36.0,18750.0,35000
1284,7.9,725.0,36.0,4166.67,5000
1285,11.71,700.0,36.0,6250.0,15000
1286,15.31,675.0,36.0,1750.0,5000
1287,11.14,775.0,36.0,4548.83,19000
1288,15.8,680.0,36.0,2860.0,11625
1289,7.62,750.0,36.0,6750.0,25000
1290,12.69,685.0,36.0,7916.67,8000
1291,8.59,760.0,36.0,3583.33,9800
1292,8.0,765.0,36.0,5000.0,6000
1293,12.42,705.0,36.0,5833.33,10200
1294,6.62,760.0,36.0,4853.33,10500
1295,7.9,725.0,36.0,5500.0,5000
1296,7.9,810.0,36.0,5416.67,17500
1297,19.03,685.0,36.0,1600.0,4000
1298,12.12,715.0,36.0,3916.67,22000
1299,5.79,750.0,36.0,5520.0,5000
1300,16.29,685.0,36.0,6916.67,8000
1301,18.49,700.0,60.0,4166.67,19125
1302,12.12,700.0,36.0,4166.67,16000
1303,14.59,660.0,36.0,6000.0,4500
1304,22.45,665.0,60.0,1416.67,5800
1305,14.7,645.0,36.0,5416.67,10000
1306,18.75,680.0,36.0,5666.67,16750
1307,12.12,695.0,36.0,3333.33,3600
1308,15.62,670.0,36.0,7500.0,10000
1309,5.42,800.0,36.0,4250.0,6000
1310,7.62,735.0,36.0,7416.67,10000
1311,17.77,685.0,36.0,7166.67,10000
1312,7.49,745.0,36.0,18750.0,5000
1313,23.76,665.0,60.0,7331.25,35000
1314,7.9,715.0,36.0,6000.0,7000
1315,10.2,800.0,36.0,4583.33,3000
1316,15.62,695.0,36.0,6250.0,28000
1317,15.58,690.0,60.0,12083.33,15200
1318,14.65,710.0,36.0,4000.0,15775
1319,10.59,765.0,36.0,22916.67,30000
1320,9.91,710.0,36.0,4166.67,3000
1321,18.49,670.0,36.0,4400.0,15350
1322,9.76,785.0,60.0,5416.67,26500
1323,6.0,695.0,60.0,6250.0,6400
1324,14.33,695.0,36.0,3833.33,13200
1325,11.49,705.0,36.0,7300.0,12000
1326,6.03,800.0,36.0,7917.0,4000
1327,6.62,730.0,36.0,6166.67,2500
1328,18.55,700.0,36.0,6666.67,28000
1329,8.9,730.0,36.0,12500.0,9000
1330,6.03,750.0,36.0,6250.0,6600
1331,17.27,705.0,60.0,5025.0,27050
1332,15.99,675.0,36.0,4583.33,4800
1333,10.16,710.0,36.0,8333.33,7550
1334,7.74,775.0,36.0,7083.33,10000
1335,11.26,730.0,36.0,4333.33,12500
1336,19.05,660.0,36.0,5166.67,27575
1337,13.11,720.0,36.0,7238.92,20000
1338,14.61,730.0,36.0,3000.0,15000
1339,8.9,730.0,36.0,10500.0,18000
1340,8.9,785.0,36.0,3000.0,5400
1341,15.81,695.0,36.0,7083.33,23000
1342,5.79,770.0,36.0,5833.33,8000
1343,12.69,705.0,36.0,1200.0,3000
1344,6.92,780.0,36.0,7083.33,7200
1345,15.8,670.0,36.0,5666.67,15350
1346,12.12,685.0,36.0,3333.33,6000
1347,13.16,755.0,36.0,2583.33,15000
1348,12.68,690.0,60.0,4416.67,5000
1349,6.76,760.0,36.0,6875.0,2575
1350,13.67,670.0,36.0,4250.0,1800
1351,14.09,700.0,36.0,5416.67,10000
1352,10.74,705.0,36.0,2916.67,7750
1353,16.29,660.0,36.0,5666.67,12000
1354,6.03,780.0,36.0,8333.33,10000
1355,13.67,665.0,36.0,4166.67,4950
1356,6.03,760.0,36.0,3200.0,8400
1357,12.12,695.0,36.0,5416.67,3500
1358,16.29,665.0,36.0,7083.33,12000
1359,22.47,660.0,60.0,5562.92,18000
1360,12.99,725.0,60.0,3167.0,14675
1361,14.09,675.0,36.0,3250.0,13000
1362,13.11,695.0,36.0,4166.67,15000
1363,9.32,755.0,36.0,3300.0,8250
1364,14.09,685.0,36.0,4166.67,6900
1365,20.49,685.0,60.0,10416.67,35000
1366,10.62,750.0,36.0,11166.67,25000
1367,11.14,705.0,36.0,3833.33,9600
1368,6.62,755.0,36.0,6750.0,9000
1369,8.9,740.0,36.0,6000.0,6500
1370,11.14,720.0,36.0,1833.33,1750
1371,5.42,750.0,36.0,2833.33,5000
1372,15.8,670.0,36.0,2500.0,6000
1373,14.09,700.0,36.0,6083.33,25000
1374,14.33,690.0,36.0,3358.33,13000
1375,7.9,720.0,36.0,5416.67,5875
1376,16.29,660.0,36.0,4583.33,5000
1377,16.45,680.0,60.0,5500.0,16000
1378,9.62,730.0,60.0,6666.67,12000
1379,12.12,720.0,36.0,13933.33,35000
1380,5.79,735.0,36.0,2800.0,4800
1381,11.11,680.0,36.0,2253.0,6500
1382,13.06,735.0,36.0,11500.0,25000
1383,7.62,785.0,36.0,9333.33,1000
1384,13.48,700.0,36.0,4166.67,16000
1385,15.13,645.0,36.0,11666.67,7675
1386,8.9,720.0,36.0,10000.0,13600
1387,15.31,680.0,36.0,5500.0,12000
1388,10.37,750.0,36.0,5250.0,15000
1389,18.49,675.0,36.0,5636.75,7125
1390,21.67,675.0,60.0,20833.33,35000
1391,13.11,725.0,60.0,3750.0,11575
1392,7.4,780.0,36.0,6000.0,5000
1393,7.62,735.0,36.0,2500.0,5000
1394,13.24,660.0,36.0,4833.0,5000
1395,7.9,720.0,36.0,6250.0,7000
1396,14.5,715.0,36.0,6916.67,20000
1397,6.92,735.0,36.0,4583.33,7000
1398,10.25,760.0,36.0,7833.33,20000
1399,7.9,725.0,36.0,7750.0,6000
1400,7.66,735.0,36.0,21666.67,14000
1401,19.05,685.0,36.0,9166.67,30000
1402,17.58,660.0,36.0,5000.0,18225
1403,7.29,720.0,36.0,11667.0,12000
1404,12.12,690.0,36.0,5833.33,10000
1405,14.91,675.0,36.0,5222.0,16300
1406,13.87,670.0,36.0,4167.0,11000
1407,15.58,785.0,60.0,5666.67,25000
1408,12.12,670.0,36.0,7500.0,24000
1409,7.49,715.0,36.0,2462.75,6000
1410,11.49,765.0,60.0,5623.33,10000
1411,8.9,730.0,36.0,3000.0,2000
1412,11.14,690.0,36.0,1916.67,6625
1413,16.71,660.0,36.0,5333.33,20000
1414,9.63,745.0,36.0,6250.0,12000
1415,7.29,765.0,36.0,5133.33,4200
1416,13.11,715.0,36.0,7916.67,6950
1417,7.51,765.0,36.0,10916.0,6000
1418,10.99,700.0,36.0,7583.0,8400
1419,7.88,725.0,36.0,5833.33,5000
1420,10.16,695.0,36.0,3500.0,4750
1421,10.75,785.0,60.0,5761.0,15000
1422,16.29,670.0,36.0,2916.67,12000
1423,7.68,790.0,36.0,3417.0,4000
1424,12.61,725.0,60.0,5166.67,12800
1425,8.9,795.0,60.0,9866.0,12000
1426,13.49,670.0,36.0,3750.0,9425
1427,12.42,730.0,36.0,27083.33,28000
1428,21.0,710.0,60.0,8666.67,30000
1429,18.39,660.0,36.0,5166.67,9600
1430,12.84,695.0,36.0,6000.0,7800
1431,10.65,720.0,36.0,5833.33,12000
1432,15.31,675.0,36.0,6000.0,9600
1433,10.62,705.0,36.0,5000.0,6000
1434,11.11,720.0,60.0,1820.0,7500
1435,6.03,760.0,36.0,2750.0,7000
1436,11.71,685.0,36.0,4333.33,10000
1437,12.61,665.0,36.0,6476.0,3200
1438,10.38,725.0,36.0,10533.33,13000
1439,24.7,660.0,60.0,10000.0,35000
1440,6.62,710.0,36.0,10833.33,20800
1441,16.29,660.0,36.0,2666.67,1600
1442,6.03,750.0,36.0,2500.0,10050
1443,17.99,670.0,36.0,8583.33,8000
1444,12.12,715.0,36.0,6250.0,16000
1445,7.9,720.0,36.0,3320.83,11700
1446,12.12,705.0,36.0,5666.67,13475
1447,5.42,800.0,36.0,10000.0,14500
1448,14.61,665.0,36.0,3083.33,5000
1449,6.62,750.0,36.0,11250.0,13600
1450,8.9,715.0,36.0,7083.33,2200
1451,9.76,705.0,36.0,5833.33,9000
1452,22.47,685.0,60.0,7000.0,27925
1453,14.33,670.0,36.0,2916.67,9450
1454,20.25,665.0,60.0,4333.33,15175
1455,7.49,735.0,36.0,3166.67,10000
1456,16.29,680.0,36.0,5416.67,16000
1457,15.31,680.0,36.0,3333.33,13200
1458,18.75,695.0,60.0,15416.67,20000
1459,17.77,665.0,36.0,2583.33,8500
1460,14.27,670.0,36.0,3833.0,3000
1461,15.31,675.0,36.0,5583.33,10000
1462,16.29,700.0,36.0,10416.67,14075
1463,19.72,680.0,60.0,4500.0,19000
1464,12.84,760.0,36.0,8666.67,25000
1465,13.11,685.0,36.0,4229.17,9000
1466,13.11,685.0,36.0,6666.67,6775
1467,15.23,675.0,36.0,2500.0,2200
1468,8.0,790.0,36.0,11250.0,10800
1469,14.33,675.0,60.0,6666.67,16800
1470,15.62,660.0,36.0,6833.33,3500
1471,18.79,660.0,60.0,4448.0,9250
1472,7.49,740.0,36.0,5580.0,23400
1473,7.9,745.0,36.0,4500.0,10375
1474,14.09,695.0,36.0,3333.33,9325
1475,21.48,665.0,60.0,6500.0,18000
1476,8.9,720.0,36.0,3416.67,5375
1477,15.8,690.0,36.0,3000.0,3700
1478,18.49,675.0,36.0,4166.67,19125
1479,15.31,745.0,36.0,1666.67,1625
1480,16.77,730.0,60.0,4416.67,26000
1481,18.25,680.0,60.0,3084.0,6650
1482,11.49,670.0,36.0,4666.67,1000
1483,14.42,720.0,36.0,5833.33,18000
1484,12.84,680.0,36.0,3521.0,8000
1485,15.65,680.0,36.0,5833.33,4575
1486,21.97,690.0,60.0,14166.67,35000
1487,12.12,695.0,36.0,4375.0,10000
1488,18.49,660.0,36.0,6000.0,32350
1489,12.98,700.0,36.0,3600.0,16000
1490,14.09,690.0,36.0,3000.0,13750
1491,11.14,665.0,36.0,11666.67,5600
1492,23.76,660.0,60.0,7458.33,21000
1493,7.9,730.0,36.0,5416.67,12000
1494,13.49,680.0,36.0,6250.0,12000
1495,13.99,670.0,36.0,5750.0,3600
1496,16.32,705.0,60.0,7083.33,25000
1497,9.25,760.0,60.0,4833.33,8400
1498,15.8,700.0,60.0,4708.33,24375
1499,15.8,675.0,36.0,4541.67,8575
1500,12.12,695.0,36.0,4250.0,13800
1501,11.49,695.0,36.0,5083.33,17000
1502,13.67,675.0,36.0,4666.67,11000
1503,14.35,680.0,36.0,2508.33,7800
1504,10.59,695.0,36.0,11666.67,3725
1505,17.27,665.0,36.0,5000.0,11000
1506,15.31,670.0,36.0,3333.33,8500
1507,9.76,705.0,36.0,4583.33,10000
1508,11.71,725.0,60.0,4000.0,12000
1509,12.12,755.0,60.0,5250.0,31500
1510,15.31,705.0,60.0,3617.21,19000
1511,10.16,695.0,36.0,8791.67,12000
1512,10.16,725.0,36.0,4000.0,19125
1513,16.07,700.0,36.0,3166.67,6525
1514,7.9,725.0,36.0,9166.67,8975
1515,6.03,780.0,36.0,6250.0,6000
1516,19.22,680.0,60.0,6916.67,20800
1517,14.27,680.0,36.0,4166.67,8400
1518,18.49,675.0,36.0,13583.33,20000
1519,12.12,710.0,36.0,3941.0,18550
1520,12.12,685.0,36.0,4750.0,9600
1521,6.03,775.0,36.0,6666.67,6000
1522,15.31,680.0,36.0,7333.33,14000
1523,12.98,705.0,36.0,4333.33,17000
1524,10.65,700.0,36.0,3333.33,13250
1525,9.76,705.0,36.0,4166.67,13000
1526,12.12,700.0,36.0,4166.67,20000
1527,15.31,670.0,36.0,2666.67,7000
1528,17.27,665.0,36.0,4166.67,12000
1529,7.62,735.0,36.0,10416.67,4200
1530,11.89,715.0,36.0,5000.0,15000
1531,6.54,725.0,36.0,3333.33,1775
1532,12.12,695.0,36.0,3250.0,10000
1533,12.69,730.0,60.0,6250.0,14400
1534,8.49,735.0,36.0,5416.67,16000
1535,13.48,680.0,36.0,6307.42,10000
1536,5.79,745.0,36.0,5416.67,3000
1537,7.9,750.0,36.0,4333.33,20000
1538,15.8,685.0,36.0,2176.67,6000
1539,13.49,680.0,36.0,5624.0,7050
1540,12.12,725.0,36.0,2833.33,11325
1541,16.29,670.0,36.0,4166.67,2000
1542,12.53,690.0,36.0,6667.0,11000
1543,14.33,700.0,36.0,2750.0,10000
1544,16.29,665.0,36.0,5000.0,15000
1545,18.64,690.0,60.0,5166.67,23000
1546,15.31,675.0,36.0,5416.67,10000
1547,12.23,705.0,60.0,9417.0,4000
1548,10.74,715.0,36.0,3200.0,13000
1549,9.33,715.0,36.0,15000.0,5000
1550,7.51,735.0,36.0,6400.0,6400
1551,7.9,745.0,36.0,3333.33,3825
1552,17.99,660.0,36.0,7750.0,8000
1553,17.27,665.0,36.0,1833.33,8000
1554,15.31,660.0,36.0,11833.33,6000
1555,8.9,715.0,36.0,2583.33,2500
1556,13.11,685.0,36.0,4625.0,10000
1557,9.76,730.0,36.0,2500.0,14600
1558,21.14,660.0,60.0,9166.67,24000
1559,7.9,770.0,36.0,5500.0,2200
1560,13.11,680.0,36.0,8744.26,10000
1561,9.76,695.0,36.0,4583.33,5000
1562,7.51,735.0,36.0,3750.0,12300
1563,13.22,690.0,36.0,3166.67,2500
1564,12.73,700.0,36.0,6691.67,15000
1565,10.74,715.0,36.0,1100.0,1000
1566,11.71,700.0,36.0,3540.0,18000
1567,15.8,700.0,36.0,4583.33,5000
1568,9.99,685.0,36.0,4980.0,6000
1569,10.37,705.0,36.0,2000.0,2500
1570,10.16,710.0,36.0,2333.33,6000
1571,7.75,765.0,36.0,4158.0,7000
1572,13.06,680.0,36.0,6500.0,4200
1573,14.09,685.0,36.0,2083.33,12500
1574,16.32,695.0,60.0,6500.0,15400
1575,17.77,710.0,36.0,10192.0,30000
1576,16.29,720.0,60.0,6250.0,20700
1577,13.11,685.0,36.0,5833.33,7000
1578,7.9,755.0,36.0,3166.67,8000
1579,20.99,670.0,60.0,9051.83,18000
1580,6.62,745.0,36.0,7083.33,12000
1581,12.69,670.0,36.0,1800.0,5500
1582,10.99,750.0,60.0,5666.67,18000
1583,16.29,660.0,36.0,2666.67,5400
1584,12.12,730.0,60.0,7583.33,18000
1585,10.74,705.0,36.0,2000.0,3000
1586,7.62,775.0,36.0,5333.33,21000
1587,17.77,725.0,36.0,3291.67,8000
1588,7.88,735.0,36.0,2000.0,1750
1589,8.0,795.0,36.0,3750.0,7500
1590,14.65,685.0,36.0,5416.67,9500
1591,14.09,705.0,36.0,6250.0,14500
1592,19.99,660.0,36.0,2500.0,4800
1593,6.99,740.0,36.0,3583.33,3800
1594,17.27,710.0,60.0,3916.67,20675
1595,10.28,685.0,36.0,15000.0,3500
1596,19.05,690.0,60.0,5083.33,27050
1597,15.33,675.0,36.0,6416.67,8000
1598,15.27,660.0,36.0,2500.0,5300
1599,7.9,730.0,36.0,6666.67,5000
1600,8.9,700.0,36.0,9000.0,15500
1601,7.91,720.0,36.0,8500.0,11200
1602,23.76,665.0,60.0,5416.67,16000
1603,15.8,690.0,36.0,10000.0,21850
1604,8.9,705.0,36.0,2333.33,2400
1605,5.79,750.0,36.0,3958.33,2700
1606,19.42,705.0,60.0,8333.33,30100
1607,14.33,720.0,60.0,7083.33,20000
1608,6.62,805.0,36.0,4166.67,6000
1609,14.65,685.0,36.0,2083.33,2000
1610,12.86,670.0,36.0,2824.0,3200
1611,13.49,740.0,60.0,13333.33,18000
1612,15.27,680.0,36.0,15416.67,15000
1613,11.99,725.0,60.0,4167.0,5000
1614,13.67,700.0,36.0,4833.33,7500
1615,17.99,665.0,36.0,7415.83,16000
1616,7.9,755.0,36.0,5000.0,20000
1617,15.8,665.0,60.0,7500.0,24000
1618,15.95,685.0,36.0,7983.33,25000
1619,6.03,750.0,36.0,4166.67,3000
1620,11.48,735.0,36.0,3833.33,8000
1621,10.99,740.0,60.0,6517.0,13000
1622,6.03,815.0,36.0,3500.0,8000
1623,12.12,695.0,36.0,5000.0,10000
1624,12.53,780.0,36.0,5200.0,20000
1625,15.31,695.0,36.0,5147.17,21700
1626,11.99,680.0,36.0,6250.0,2500
1627,14.96,670.0,36.0,3750.0,10000
1628,7.9,735.0,36.0,3083.33,17000
1629,6.62,765.0,36.0,3750.0,10000
1630,18.55,665.0,36.0,3000.0,14100
1631,20.49,690.0,60.0,5000.0,26500
1632,12.12,710.0,36.0,11166.67,12000
1633,13.87,640.0,36.0,3333.33,2200
1634,7.62,730.0,36.0,8333.33,7200
1635,8.32,740.0,36.0,3333.0,6500
1636,17.27,710.0,60.0,6737.5,19750
1637,14.91,725.0,60.0,3476.8,21000
1638,15.81,665.0,36.0,18333.33,3500
1639,7.49,725.0,36.0,1482.92,2650
1640,13.11,695.0,36.0,5000.0,15000
1641,14.33,695.0,36.0,5833.33,4800
1642,17.99,670.0,36.0,3666.67,12000
1643,6.62,760.0,36.0,5000.0,6000
1644,7.9,790.0,60.0,6666.67,12000
1645,12.12,680.0,36.0,5083.33,1550
1646,15.31,695.0,36.0,7500.0,35000
1647,7.14,730.0,36.0,4916.67,3000
1648,10.25,720.0,36.0,9166.67,15000
1649,18.49,665.0,36.0,5166.67,14400
1650,9.88,755.0,36.0,3333.33,12000
1651,19.99,660.0,36.0,5500.0,20000
1652,7.66,745.0,36.0,4583.33,11700
1653,13.11,660.0,36.0,4208.33,7750
1654,19.91,660.0,60.0,3000.0,12000
1655,7.14,760.0,36.0,4500.0,6000
1656,7.9,720.0,36.0,3333.33,5000
1657,16.29,665.0,36.0,4183.33,6000
1658,10.36,755.0,60.0,7916.67,25000
1659,7.62,810.0,36.0,25000.0,23000
1660,13.11,700.0,36.0,5416.67,10000
1661,7.88,765.0,60.0,1600.0,4800
1662,12.12,705.0,36.0,4333.33,20500
1663,18.79,690.0,60.0,6750.0,21000
1664,7.9,820.0,36.0,2916.67,7500
1665,16.4,675.0,36.0,6666.67,16800
1666,11.66,685.0,36.0,4133.33,10000
1667,16.49,685.0,60.0,4000.0,12000
1668,18.25,705.0,60.0,5000.0,17900
1669,17.15,670.0,36.0,18483.0,24000
1670,14.33,670.0,36.0,2750.0,9600
1671,12.68,700.0,60.0,11583.33,8000
1672,13.43,690.0,36.0,6750.0,9000
1673,14.65,675.0,36.0,8083.33,10000
1674,16.29,665.0,36.0,5250.0,8000
1675,16.32,680.0,60.0,5000.0,12000
1676,11.14,715.0,36.0,6650.0,20000
1677,7.88,710.0,36.0,3750.0,4800
1678,19.42,685.0,60.0,10813.17,28000
1679,11.14,705.0,36.0,4000.0,10000
1680,6.62,730.0,36.0,3416.67,7300
1681,7.9,730.0,36.0,3000.0,8450
1682,21.98,675.0,60.0,5000.0,20000
1683,21.98,665.0,60.0,3466.67,16000
1684,17.27,695.0,36.0,10000.0,30000
1685,15.23,700.0,60.0,4166.67,12000
1686,11.83,810.0,36.0,12500.0,24500
1687,13.75,640.0,36.0,588.5,3000
1688,15.31,680.0,36.0,3083.33,8000
1689,8.94,775.0,36.0,10000.0,17000
1690,11.71,680.0,36.0,6041.67,4200
1691,14.27,680.0,36.0,2750.0,1400
1692,14.65,670.0,36.0,5130.42,2500
1693,15.31,675.0,36.0,3333.33,12000
1694,11.71,725.0,36.0,7167.92,2200
1695,16.29,660.0,36.0,14166.67,35000
1696,14.09,695.0,36.0,20833.33,12000
1697,13.99,670.0,36.0,3206.67,9600
1698,6.03,815.0,36.0,5416.67,16500
1699,11.86,730.0,60.0,6166.67,15000
1700,11.49,685.0,36.0,5555.08,1500
1701,12.12,705.0,36.0,3333.33,4000
1702,10.75,705.0,36.0,4400.0,4325
1703,6.91,715.0,36.0,1500.0,3600
1704,7.62,730.0,36.0,14166.67,28000
1705,13.11,695.0,36.0,4000.0,15000
1706,15.31,660.0,36.0,1916.67,5000
1707,13.67,710.0,36.0,10700.0,21000
1708,17.14,680.0,60.0,3000.0,5000
1709,10.16,705.0,36.0,5083.33,14400
1710,13.11,680.0,36.0,3666.67,13600
1711,7.74,775.0,36.0,10000.0,7500
1712,19.05,685.0,36.0,5416.67,18000
1713,7.88,755.0,36.0,10000.0,15000
1714,12.12,680.0,36.0,4800.0,4800
1715,13.11,680.0,36.0,3166.67,10000
1716,18.25,720.0,60.0,4416.67,26500
1717,11.14,745.0,36.0,8333.33,15800
1718,8.9,735.0,36.0,17500.0,20000
1719,15.31,685.0,36.0,12208.33,7000
1720,7.62,760.0,36.0,6833.33,24000
1721,14.65,685.0,36.0,8333.33,12000
1722,10.59,685.0,36.0,2083.33,10000
1723,11.99,725.0,36.0,7000.0,23000
1724,17.51,695.0,60.0,4666.67,14000
1725,18.75,695.0,60.0,5416.67,18000
1726,10.16,705.0,36.0,10250.0,7000
1727,7.9,775.0,60.0,5833.33,12700
1728,13.98,700.0,60.0,4666.67,12000
1729,11.14,690.0,36.0,2700.0,4500
1730,7.88,715.0,36.0,6000.0,1000
1731,15.81,665.0,36.0,3000.0,1000
1732,12.12,685.0,36.0,5583.33,10550
1733,14.09,690.0,36.0,6250.0,17825
1734,14.09,720.0,36.0,2666.67,10750
1735,7.9,740.0,36.0,6250.0,13600
1736,22.47,670.0,60.0,7000.0,20000
1737,14.33,685.0,36.0,2500.0,10050
1738,8.9,740.0,36.0,6666.67,30000
1739,17.27,700.0,36.0,5750.0,27575
1740,13.11,695.0,36.0,4416.67,14675
1741,14.09,675.0,36.0,3333.33,10000
1742,7.9,720.0,36.0,7000.0,7275
1743,17.27,660.0,36.0,2083.33,4200
1744,11.86,730.0,36.0,5250.0,25000
1745,19.69,665.0,60.0,2666.67,13500
1746,15.31,675.0,36.0,4750.0,2200
1747,13.99,700.0,36.0,3750.0,20000
1748,13.11,680.0,36.0,5500.0,14000
1749,6.62,730.0,36.0,12500.0,12000
1750,13.67,710.0,36.0,5000.0,4200
1751,11.14,690.0,36.0,2183.33,7100
1752,14.65,700.0,36.0,5416.67,15000
1753,10.95,750.0,36.0,6666.67,15000
1754,14.65,665.0,36.0,2500.0,9000
1755,23.83,660.0,60.0,13666.67,23300
1756,15.8,690.0,60.0,4166.67,20000
1757,13.99,670.0,36.0,7583.33,2000
1758,13.98,720.0,60.0,10833.33,25000
1759,15.21,695.0,60.0,5382.0,11975
1760,15.8,675.0,36.0,4583.33,10000
1761,11.48,715.0,36.0,3750.0,9000
1762,16.02,710.0,60.0,7388.42,15800
1763,13.3,660.0,36.0,10000.0,10000
1764,13.24,655.0,36.0,6290.0,3600
1765,13.11,700.0,36.0,3333.33,10000
1766,20.5,675.0,36.0,9250.0,19500
1767,7.49,755.0,36.0,4250.0,18000
1768,8.88,725.0,36.0,6041.67,22000
1769,14.07,670.0,36.0,11250.0,22350
1770,13.92,700.0,36.0,2500.0,5000
1771,7.62,770.0,36.0,10833.33,20000
1772,8.9,720.0,36.0,5416.67,7000
1773,14.09,750.0,60.0,7236.67,15000
1774,10.0,805.0,60.0,2333.33,10000
1775,21.49,680.0,60.0,6250.0,25000
1776,13.11,700.0,36.0,3333.33,14400
1777,10.65,710.0,36.0,2833.33,10000
1778,16.29,700.0,36.0,8333.33,19750
1779,11.71,695.0,36.0,4000.0,10000
1780,13.57,680.0,36.0,10833.33,4550
1781,10.83,745.0,36.0,7500.0,7500
1782,11.99,715.0,60.0,7291.67,13075
1783,7.9,710.0,36.0,2916.67,7000
1784,7.49,800.0,36.0,2500.0,3000
1785,14.46,685.0,36.0,5166.67,18000
1786,16.29,695.0,36.0,3250.0,14675
1787,14.09,675.0,36.0,3750.0,10000
1788,10.74,725.0,60.0,8000.0,9600
1789,13.11,660.0,36.0,9166.67,10000
1790,6.91,715.0,36.0,5166.67,1500
1791,14.09,680.0,36.0,3750.0,10000
1792,13.11,685.0,36.0,4325.0,7000
1793,16.82,685.0,60.0,4721.0,4000
1794,7.9,710.0,36.0,9125.0,16750
1795,12.92,660.0,36.0,2500.0,5600
1796,14.33,700.0,36.0,5833.33,11950
1797,13.99,715.0,60.0,4166.67,12000
1798,7.51,755.0,36.0,4333.33,5000
1799,12.12,705.0,36.0,2641.67,3800
1800,10.65,700.0,36.0,3000.0,9000
1801,9.76,695.0,36.0,3333.33,5000
1802,11.86,690.0,36.0,3400.0,7000
1803,10.99,725.0,36.0,7333.33,5000
1804,11.99,740.0,60.0,4500.0,20000
1805,14.35,665.0,36.0,3600.0,2000
1806,13.11,695.0,36.0,5416.67,29175
1807,11.49,750.0,60.0,10000.0,9000
1808,18.55,715.0,60.0,6500.0,27000
1809,13.11,720.0,60.0,4853.33,20000
1810,10.16,710.0,36.0,4166.67,10000
1811,8.49,715.0,36.0,6666.67,10000
1812,6.03,755.0,36.0,4250.0,8000
1813,7.49,740.0,36.0,5416.67,12000
1814,17.27,705.0,60.0,10000.0,35000
1815,6.03,780.0,36.0,2740.5,11875
1816,15.99,700.0,60.0,3750.0,20000
1817,11.78,705.0,36.0,7750.0,18000
1818,15.95,665.0,60.0,4500.0,8000
1819,6.54,755.0,36.0,9583.33,24000
1820,12.12,695.0,36.0,2458.33,11500
1821,16.89,675.0,36.0,2750.0,2000
1822,16.77,685.0,60.0,4166.67,12800
1823,19.91,680.0,36.0,6000.0,10000
1824,16.82,660.0,60.0,4008.33,4800
1825,18.55,670.0,36.0,5416.67,10000
1826,14.33,710.0,36.0,5416.67,25000
1827,11.71,705.0,36.0,9288.33,5000
1828,7.9,720.0,36.0,6333.33,4800
1829,14.33,725.0,60.0,3333.33,16475
1830,7.9,725.0,36.0,3750.0,8000
1831,10.99,700.0,36.0,3200.0,5000
1832,19.72,695.0,36.0,5833.33,28350
1833,15.58,700.0,60.0,17500.0,16000
1834,17.93,670.0,60.0,12500.0,15000
1835,8.9,700.0,36.0,6996.17,6000
1836,17.27,680.0,60.0,4583.33,21000
1837,7.9,725.0,36.0,2883.33,6000
1838,14.33,670.0,36.0,2500.0,10500
1839,15.8,680.0,60.0,5416.67,16000
1840,10.74,720.0,36.0,3750.0,10000
1841,11.58,700.0,36.0,7083.33,5000
1842,19.74,700.0,60.0,6250.0,30000
1843,14.46,690.0,60.0,5916.67,12000
1844,21.97,685.0,60.0,7833.33,35000
1845,20.3,690.0,60.0,7166.67,25200
1846,13.11,680.0,36.0,3750.0,2000
1847,17.77,670.0,36.0,4333.33,12000
1848,8.9,715.0,36.0,4154.17,12500
1849,6.62,745.0,36.0,3666.67,8000
1850,12.12,685.0,36.0,1833.33,5000
1851,14.65,680.0,36.0,10000.0,12800
1853,6.99,810.0,36.0,9083.33,15000
1854,7.62,725.0,36.0,1750.0,5000
1855,14.22,670.0,36.0,3010.0,7000
1856,14.09,685.0,36.0,3333.33,13450
1857,14.09,740.0,60.0,5416.67,20375
1858,15.8,665.0,36.0,3833.33,1200
1859,6.03,805.0,36.0,12750.0,16000
1860,14.33,675.0,36.0,4333.33,2000
1861,13.92,680.0,36.0,2773.33,11200
1862,7.62,730.0,36.0,11250.0,28000
1863,21.98,680.0,60.0,10166.67,28000
1864,15.05,660.0,36.0,3466.67,3000
1865,12.12,680.0,36.0,4166.67,7200
1866,5.42,775.0,36.0,3664.25,4600
1867,6.99,790.0,36.0,5833.33,8000
1868,18.49,675.0,36.0,8937.5,20125
1869,14.33,740.0,60.0,5000.0,19050
1870,18.79,680.0,60.0,4400.0,21850
1871,10.38,715.0,36.0,4200.0,5000
1872,15.31,670.0,36.0,7750.0,12000
1873,6.03,760.0,36.0,5208.33,5800
1874,11.71,710.0,36.0,5800.0,10000
1875,7.9,705.0,36.0,6250.0,4800
1876,10.99,705.0,36.0,2500.0,8000
1877,16.29,670.0,36.0,3119.92,9750
1878,12.69,705.0,36.0,9583.33,4000
1879,10.99,695.0,36.0,5583.33,3000
1880,15.8,690.0,36.0,5075.0,16000
1881,9.63,750.0,36.0,3000.0,12000
1882,11.78,690.0,36.0,2500.0,7500
1883,7.9,725.0,36.0,6500.0,9600
1884,22.95,670.0,60.0,5000.0,23850
1885,14.09,680.0,36.0,4248.33,6250
1886,7.88,745.0,36.0,3778.67,16750
1887,12.69,730.0,36.0,1600.0,4000
1888,19.22,670.0,36.0,6800.0,23500
1889,12.87,705.0,36.0,2000.0,3600
1890,7.29,725.0,36.0,2208.33,1900
1891,7.9,755.0,36.0,5208.33,22500
1892,8.49,780.0,60.0,4425.17,12000
1893,12.69,730.0,60.0,4500.0,15000
1894,17.27,705.0,36.0,19166.67,32000
1895,24.2,665.0,60.0,4583.33,24000
1896,15.8,670.0,36.0,5416.67,5500
1897,7.88,735.0,36.0,3090.5,7300
1898,13.11,740.0,60.0,7250.0,25000
1899,11.14,690.0,36.0,1280.0,4575
1900,14.96,685.0,36.0,3416.67,10000
1901,15.96,705.0,60.0,5000.0,20000
1902,11.14,715.0,36.0,4000.0,11100
1903,10.74,760.0,60.0,4166.67,17000
1904,13.67,675.0,36.0,2000.0,12000
1905,12.12,715.0,36.0,8750.0,24000
1906,17.77,690.0,36.0,6000.0,7000
1907,12.12,695.0,36.0,5833.33,10000
1908,6.62,745.0,36.0,4250.0,14000
1909,7.62,745.0,36.0,2083.33,3250
1910,11.14,715.0,36.0,5100.0,18000
1911,21.0,660.0,36.0,5125.0,19500
1912,6.03,785.0,36.0,2083.33,5000
1913,17.58,700.0,60.0,4250.0,20000
1914,13.49,680.0,36.0,7500.0,6000
1915,14.09,695.0,36.0,7750.0,14300
1916,12.12,690.0,36.0,5000.0,12800
1917,7.9,720.0,36.0,3458.33,3000
1918,13.11,705.0,36.0,14166.67,25000
1919,12.12,700.0,36.0,4583.33,18000
1920,15.31,665.0,36.0,2518.67,9750
1921,12.42,695.0,36.0,2500.0,5000
1922,13.11,685.0,36.0,2000.0,4000
1923,7.9,710.0,36.0,1300.0,1200
1924,17.27,660.0,36.0,5416.67,12000
1925,16.29,665.0,36.0,1733.33,5000
1926,7.9,780.0,36.0,15000.0,21700
1927,16.29,715.0,60.0,4628.0,21850
1928,11.36,705.0,36.0,5833.33,12000
1929,18.49,675.0,36.0,4166.67,7000
1930,23.76,700.0,60.0,16666.67,32000
1931,14.27,720.0,60.0,3302.0,13000
1932,12.42,680.0,36.0,2916.67,12000
1933,19.03,680.0,60.0,5000.67,25475
1934,11.14,700.0,36.0,2833.33,10000
1935,12.12,695.0,36.0,8416.67,5000
1936,7.51,760.0,36.0,4300.0,10000
1937,14.33,675.0,36.0,3333.33,4000
1938,10.38,720.0,36.0,2800.0,8000
1939,10.65,735.0,36.0,18750.0,35000
1940,11.03,685.0,36.0,5666.67,9000
1941,6.03,775.0,36.0,8333.33,9000
1942,17.27,675.0,60.0,6250.0,24000
1943,13.11,750.0,60.0,7083.33,18000
1944,13.8,695.0,60.0,3500.0,4000
1945,6.62,755.0,36.0,6250.0,15000
1946,17.27,660.0,36.0,2666.67,6075
1947,17.49,710.0,60.0,4166.67,13800
1948,18.64,700.0,60.0,6800.0,10000
1949,10.99,735.0,36.0,7000.0,8000
1950,17.27,670.0,36.0,3000.0,15000
1951,6.62,815.0,36.0,7291.67,4800
1952,12.23,730.0,60.0,5833.33,24250
1953,6.91,715.0,36.0,3000.0,7000
1954,12.12,700.0,36.0,5000.0,10500
1955,21.49,690.0,60.0,5666.67,25000
1956,14.33,715.0,60.0,8333.33,21000
1957,14.26,685.0,36.0,5833.33,14400
1958,10.74,720.0,36.0,3458.33,9600
1959,8.88,795.0,60.0,4000.0,12000
1960,11.86,705.0,36.0,13333.0,10000
1961,14.65,665.0,36.0,4000.0,4000
1962,21.49,665.0,36.0,6000.0,20000
1963,22.95,665.0,60.0,5833.33,31300
1964,7.9,710.0,36.0,2750.0,6900
1965,17.88,690.0,60.0,5632.33,30000
1966,12.42,675.0,36.0,2518.75,2000
1967,7.9,725.0,36.0,5833.33,12000
1968,10.37,690.0,36.0,3125.0,3300
1969,14.33,695.0,36.0,10000.0,25000
1970,10.38,720.0,36.0,2300.0,6000
1971,21.0,690.0,36.0,2858.33,3250
1972,12.23,715.0,60.0,5833.33,16500
1973,21.0,705.0,60.0,5833.33,31000
1974,14.33,750.0,36.0,2916.67,4000
1975,17.49,665.0,36.0,4416.67,6000
1976,6.62,710.0,36.0,9583.33,7500
1977,8.49,745.0,36.0,4500.0,12000
1978,18.49,685.0,36.0,6666.67,20000
1979,22.47,675.0,60.0,10104.17,24000
1980,19.99,660.0,36.0,3348.0,7500
1981,17.54,655.0,36.0,2916.67,6250
1982,6.92,755.0,36.0,7083.33,5000
1983,10.74,710.0,36.0,5416.67,10000
1984,6.91,710.0,36.0,5200.0,12000
1985,9.32,745.0,36.0,5000.0,7000
1986,7.49,755.0,36.0,5416.67,4000
1987,13.11,680.0,36.0,5000.0,7800
1988,15.27,680.0,36.0,6666.67,15000
1989,18.49,670.0,36.0,3000.0,14125
1990,5.42,780.0,36.0,3936.0,8000
1991,7.49,715.0,36.0,3691.67,4325
1992,13.49,705.0,36.0,3000.0,15000
1993,10.16,710.0,36.0,2916.67,12000
1994,8.9,710.0,36.0,7500.0,6575
1995,10.16,710.0,36.0,5166.67,9000
1996,8.88,710.0,36.0,5250.0,4500
1997,10.25,750.0,36.0,10000.0,20000
1998,13.11,680.0,36.0,2600.0,1950
1999,16.29,705.0,36.0,39583.33,35000
2000,14.09,675.0,36.0,4166.67,8000
2001,10.59,740.0,36.0,8750.0,15000
2002,7.66,700.0,36.0,5100.0,5650
2003,15.8,680.0,36.0,2708.33,6800
2004,19.05,660.0,36.0,7116.25,3000
2005,11.14,705.0,36.0,2333.33,5675
2006,17.93,670.0,60.0,6500.0,12000
2007,15.31,680.0,36.0,2666.67,11100
2008,19.05,690.0,60.0,6666.67,16000
2009,10.59,710.0,36.0,2666.67,4800
2010,15.31,665.0,36.0,1940.0,6200
2011,10.16,710.0,36.0,5166.67,6000
2012,10.36,680.0,36.0,5833.33,2250
2013,13.61,715.0,60.0,7750.0,24000
2014,12.12,695.0,36.0,4333.33,10000
2015,14.09,670.0,36.0,10416.67,10000
2016,13.11,665.0,36.0,4833.33,12000
2017,13.11,690.0,36.0,3916.67,12000
2018,12.21,750.0,36.0,5833.33,20800
2019,12.69,695.0,36.0,7083.0,8000
2020,10.16,705.0,36.0,4166.67,10000
2021,14.27,675.0,36.0,5184.75,6000
2022,12.12,675.0,36.0,1250.0,4500
2023,7.49,740.0,36.0,2500.0,3600
2024,15.8,675.0,36.0,2666.67,11200
2025,11.49,695.0,36.0,4700.0,4000
2026,13.49,690.0,60.0,3458.0,6000
2027,13.11,720.0,36.0,10666.67,17000
2028,13.11,665.0,36.0,4583.33,8000
2029,7.4,805.0,36.0,4158.0,2800
2030,6.03,790.0,36.0,6750.0,12375
2031,17.27,690.0,60.0,3583.33,18825
2032,11.14,715.0,36.0,4389.92,9600
2033,13.11,680.0,36.0,5000.0,14400
2034,17.56,660.0,60.0,4416.67,6000
2035,6.03,770.0,36.0,14166.67,9000
2036,11.86,735.0,60.0,4166.67,20000
2037,13.06,685.0,36.0,3750.0,15000
2038,11.14,735.0,60.0,9166.67,20000
2039,19.69,665.0,60.0,2916.67,13750
2040,17.19,675.0,60.0,13625.0,6000
2041,7.9,735.0,36.0,10400.0,20000
2042,11.49,720.0,60.0,3333.33,12800
2043,6.03,780.0,36.0,3666.67,6000
2044,7.51,735.0,36.0,7166.67,12000
2045,13.11,690.0,36.0,3416.67,12500
2046,17.58,665.0,36.0,1800.0,5000
2047,14.33,675.0,36.0,2916.67,4950
2048,13.11,755.0,60.0,20416.67,30000
2049,12.12,670.0,36.0,6083.33,10000
2050,14.65,670.0,36.0,14333.33,6000
2051,7.9,750.0,36.0,10166.67,24000
2052,10.0,745.0,60.0,11333.33,14000
2053,7.49,715.0,36.0,2100.0,6000
2054,13.11,690.0,36.0,7375.0,22400
2055,7.9,795.0,36.0,7300.0,8000
2056,20.49,665.0,36.0,5166.67,24575
2057,14.83,675.0,60.0,4833.33,8000
2058,14.33,670.0,36.0,7916.67,10000
2059,10.65,745.0,60.0,15000.0,29000
2060,6.03,805.0,36.0,2333.33,5400
2061,6.62,735.0,36.0,3500.0,12375
2062,16.29,720.0,60.0,6666.67,30000
2063,6.03,770.0,36.0,3033.0,5000
2064,18.64,670.0,60.0,4250.0,6200
2065,7.49,750.0,36.0,6280.0,7000
2066,21.0,695.0,60.0,12500.0,29175
2067,17.49,725.0,60.0,16133.33,35000
2068,16.89,680.0,60.0,2400.0,6000
2069,12.42,730.0,60.0,12083.33,35000
2070,13.79,680.0,36.0,6074.17,16400
2071,13.49,775.0,60.0,1375.0,8450
2072,17.99,665.0,36.0,6916.67,18000
2073,13.49,675.0,36.0,4416.67,12375
2074,5.42,795.0,36.0,8000.0,10000
2075,14.09,680.0,36.0,3513.33,2000
2076,21.98,665.0,60.0,2866.5,12000
2077,7.62,740.0,36.0,3750.0,5000
2078,6.03,785.0,36.0,3416.67,12000
2079,13.99,665.0,36.0,10000.0,6000
2080,9.99,800.0,60.0,10500.0,13000
2081,17.27,755.0,36.0,3583.33,4750
2082,18.49,665.0,36.0,11250.0,10000
2083,15.31,675.0,36.0,3176.0,1000
2084,16.29,670.0,36.0,5166.67,9600
2085,14.09,665.0,36.0,3895.0,3625
2086,13.11,685.0,36.0,3500.0,10000
2087,12.42,745.0,60.0,3225.23,19425
2088,13.67,695.0,36.0,4583.33,8400
2089,13.99,680.0,36.0,4166.67,10000
2090,13.23,685.0,36.0,9367.0,6000
2091,14.33,670.0,36.0,4666.67,10000
2092,12.12,675.0,36.0,1312.08,6000
2093,15.31,675.0,60.0,11250.0,16000
2094,17.27,660.0,36.0,8666.67,22000
2095,21.27,670.0,36.0,12500.0,25000
2096,19.72,665.0,36.0,5083.33,13200
2097,9.99,765.0,60.0,8083.33,24000
2098,15.05,660.0,36.0,7416.67,12250
2099,11.14,705.0,60.0,7083.33,21000
2100,14.33,685.0,36.0,7083.33,9000
2101,11.14,690.0,36.0,4665.83,5000
2102,8.9,775.0,36.0,8750.0,35000
2103,21.98,670.0,60.0,6416.67,20000
2104,7.9,705.0,36.0,10000.0,12000
2105,13.49,680.0,36.0,6000.0,10000
2106,13.11,685.0,36.0,4416.67,10750
2107,14.83,680.0,36.0,5600.0,4000
2108,13.11,705.0,36.0,2658.83,10450
2109,8.9,725.0,36.0,4166.67,3000
2110,12.12,695.0,36.0,4583.33,11000
2111,13.11,690.0,36.0,2796.8,7500
2112,11.12,710.0,36.0,4000.0,7350
2113,10.74,720.0,36.0,5000.0,10000
2114,17.27,665.0,36.0,1750.0,8000
2115,23.83,660.0,60.0,7666.67,33600
2116,15.27,700.0,60.0,4333.33,12000
2117,17.49,670.0,60.0,2400.0,5000
2118,11.14,715.0,36.0,12083.33,10000
2119,10.16,700.0,36.0,2250.0,2075
2120,16.82,665.0,36.0,6250.0,16000
2121,12.12,695.0,36.0,4166.67,6000
2122,13.99,680.0,36.0,4500.0,8600
2123,7.9,815.0,60.0,10666.67,16800
2124,7.51,755.0,36.0,3000.0,7200
2125,13.11,700.0,36.0,5000.0,9000
2126,12.87,715.0,36.0,8333.33,10000
2127,14.09,675.0,36.0,2783.33,11350
2128,17.27,685.0,60.0,8750.0,6000
2129,12.12,680.0,36.0,2250.0,4000
2130,10.74,690.0,36.0,3833.33,6400
2131,18.25,660.0,36.0,4820.0,3000
2132,5.79,750.0,36.0,3083.33,1125
2133,13.11,795.0,60.0,4806.0,28000
2134,8.9,685.0,36.0,6666.67,6000
2135,6.03,795.0,36.0,5416.67,5000
2136,20.3,665.0,60.0,4916.67,20000
2137,7.49,730.0,36.0,2416.67,9200
2138,13.11,740.0,60.0,20833.33,35000
2139,20.49,675.0,60.0,3750.0,18000
2140,7.49,720.0,36.0,2100.0,8250
2141,7.49,710.0,36.0,1666.67,1200
2142,9.63,705.0,36.0,7500.0,10000
2143,17.27,700.0,60.0,9000.0,35000
2144,15.31,690.0,36.0,6666.67,18000
2145,18.39,705.0,60.0,7000.0,20000
2146,11.14,690.0,36.0,1666.67,5500
2147,22.47,660.0,60.0,9583.33,35000
2148,21.98,695.0,60.0,9166.67,35000
2149,21.49,675.0,60.0,4500.0,20950
2150,9.63,695.0,36.0,7725.0,1500
2151,19.99,660.0,36.0,4458.33,12000
2152,14.33,690.0,36.0,3625.0,10000
2153,18.49,660.0,36.0,2666.67,9750
2154,7.49,740.0,36.0,2583.0,5600
2155,13.11,720.0,60.0,3333.33,11200
2156,13.43,670.0,36.0,1750.0,4000
2157,8.9,700.0,36.0,4700.0,7000
2158,6.03,735.0,36.0,7916.67,18000
2159,12.61,695.0,36.0,2000.0,5000
2160,9.25,705.0,36.0,4000.0,10000
2161,19.69,665.0,60.0,5340.25,9800
2162,12.12,685.0,36.0,6750.0,20000
2163,18.29,640.0,36.0,3000.0,5100
2164,11.14,700.0,36.0,2160.0,8875
2165,5.99,765.0,36.0,4000.0,4400
2166,11.71,745.0,60.0,7500.0,35000
2167,18.49,660.0,36.0,2916.67,3000
2168,12.42,690.0,36.0,3500.0,4800
2169,11.71,720.0,36.0,2166.67,5375
2170,11.99,705.0,60.0,6333.33,14000
2171,13.23,730.0,36.0,6666.67,19800
2172,13.11,675.0,36.0,4333.33,13025
2173,18.49,675.0,36.0,9333.33,18000
2174,7.68,785.0,36.0,3666.67,2500
2175,7.14,755.0,36.0,4166.67,5000
2176,11.14,685.0,36.0,2916.67,4500
2177,8.9,740.0,36.0,7500.0,15000
2178,20.49,715.0,60.0,18750.0,35000
2179,8.49,795.0,36.0,2166.67,4500
2180,17.27,675.0,36.0,4666.67,4500
2181,7.51,740.0,36.0,833.33,1450
2182,14.96,760.0,36.0,7083.33,6000
2183,6.54,725.0,36.0,3250.0,4500
2184,6.62,750.0,36.0,4583.33,14000
2185,6.03,800.0,36.0,12000.0,15000
2186,10.99,760.0,60.0,5243.75,22000
2187,11.03,695.0,36.0,6666.67,10000
2188,20.49,700.0,36.0,12333.33,35000
2189,20.49,685.0,36.0,5250.0,10000
2190,13.98,695.0,60.0,2400.0,6000
2191,15.8,675.0,36.0,4458.33,10000
2192,8.94,785.0,36.0,3125.0,10000
2193,13.3,660.0,36.0,3000.0,12000
2194,14.65,675.0,36.0,5833.33,9600
2195,22.11,660.0,60.0,7000.0,17800
2196,7.62,765.0,36.0,4333.33,2000
2197,21.0,680.0,60.0,4583.33,18825
2198,13.06,705.0,36.0,2571.42,3000
2199,13.11,670.0,36.0,2916.67,2000
2200,17.77,670.0,36.0,4583.33,9000
2201,13.11,705.0,36.0,1675.0,5750
2202,19.22,675.0,60.0,3629.58,21725
2203,7.9,725.0,36.0,8666.67,20000
2204,13.49,730.0,60.0,3200.0,15350
2205,14.33,670.0,36.0,3333.33,8400
2206,7.49,720.0,36.0,2700.0,4500
2207,15.31,675.0,36.0,2833.33,9950
2208,7.9,725.0,36.0,2583.33,15000
2209,10.99,705.0,36.0,9150.0,10000
2210,18.25,660.0,60.0,5600.0,12000
2211,12.21,695.0,36.0,12500.0,8000
2212,6.03,765.0,36.0,7500.0,3000
2213,14.33,680.0,36.0,7500.0,15000
2214,17.77,685.0,36.0,3333.33,12700
2215,11.11,765.0,60.0,2958.33,16000
2216,7.9,710.0,36.0,4300.0,7200
2217,20.25,695.0,60.0,12500.0,30000
2218,14.65,695.0,36.0,10353.33,20125
2219,15.27,670.0,36.0,2516.67,12000
2220,10.62,745.0,60.0,5200.0,5000
2221,11.36,705.0,36.0,13389.15,8000
2222,6.62,735.0,36.0,2000.0,3600
2223,9.63,755.0,36.0,5479.0,8800
2224,19.22,690.0,60.0,6867.92,18000
2225,23.76,660.0,60.0,6266.67,20000
2226,5.99,780.0,36.0,2600.0,4350
2227,10.99,735.0,60.0,3416.67,12000
2228,13.67,680.0,36.0,1666.67,5400
2229,12.68,700.0,60.0,5000.0,12000
2230,17.77,665.0,36.0,3333.33,12000
2231,7.9,705.0,36.0,2708.33,6700
2232,11.71,675.0,36.0,1650.0,3750
2233,13.67,685.0,36.0,2791.67,8000
2234,11.49,695.0,36.0,3500.0,4500
2235,17.14,660.0,60.0,2500.0,6000
2236,23.28,660.0,60.0,6000.0,19400
2237,17.93,690.0,60.0,5416.67,25000
2238,14.27,695.0,36.0,3833.33,8800
2239,13.99,680.0,36.0,5833.33,4800
2240,17.77,660.0,36.0,1500.0,5175
2241,10.75,795.0,60.0,8750.0,10000
2242,11.14,720.0,36.0,6666.67,12000
2243,7.51,750.0,36.0,1666.67,5000
2244,17.27,730.0,60.0,5416.67,33600
2245,13.11,700.0,36.0,8750.0,10000
2246,16.29,695.0,36.0,8541.67,12000
2247,14.33,665.0,36.0,1666.67,4000
2248,15.8,690.0,36.0,5000.0,20000
2249,14.09,675.0,36.0,6166.67,12000
2250,21.0,685.0,60.0,4166.67,17500
2251,11.71,690.0,36.0,3333.33,10000
2252,14.22,665.0,36.0,9166.67,3000
2253,8.59,735.0,36.0,3250.0,5600
2254,15.8,670.0,36.0,5000.0,10000
2255,8.49,720.0,36.0,3000.0,5000
2256,21.49,670.0,60.0,5000.0,16000
2257,10.75,710.0,36.0,1750.0,4800
2258,18.75,710.0,60.0,5250.0,24925
2259,12.12,680.0,36.0,5416.67,4825
2260,18.25,675.0,60.0,4833.33,18750
2261,15.31,675.0,36.0,4166.67,5000
2262,13.17,675.0,36.0,8750.0,7500
2263,16.82,680.0,60.0,4417.0,10000
2264,7.9,760.0,36.0,1945.0,5300
2265,9.63,730.0,36.0,9166.67,5000
2266,13.23,735.0,60.0,6666.67,25000
2267,11.89,745.0,36.0,5416.67,9250
2268,10.75,775.0,60.0,7500.0,19000
2269,6.03,750.0,36.0,5833.33,2000
2270,20.49,670.0,60.0,5166.67,7200
2271,14.09,695.0,36.0,5292.0,8000
2272,11.71,685.0,36.0,6932.92,13000
2273,16.29,670.0,36.0,4250.0,8000
2274,9.63,760.0,36.0,9083.33,14000
2275,12.69,700.0,36.0,4583.33,1400
2276,8.9,735.0,36.0,5000.0,9500
2277,11.14,705.0,36.0,3333.33,12700
2278,9.76,725.0,36.0,2916.67,10000
2279,11.89,735.0,36.0,2917.0,6000
2280,13.99,680.0,36.0,5000.0,5200
2281,15.81,675.0,36.0,3750.0,9000
2282,14.74,695.0,36.0,4500.0,12000
2283,9.07,740.0,36.0,2667.0,6600
2284,13.99,670.0,36.0,6458.33,10000
2285,11.49,695.0,36.0,4250.0,1800
2286,18.75,695.0,60.0,4000.0,19000
2287,20.49,685.0,60.0,5833.33,24000
2288,11.14,700.0,36.0,2833.33,11500
2289,13.67,690.0,36.0,5000.0,12100
2290,17.99,675.0,60.0,3916.67,12000
2291,15.31,675.0,36.0,4416.67,12000
2292,19.72,665.0,36.0,2916.67,10000
2293,15.31,680.0,36.0,2291.67,8875
2294,17.77,660.0,36.0,2633.33,10625
2295,14.11,670.0,36.0,3750.0,12000
2296,17.27,660.0,36.0,3500.0,10000
2297,20.49,660.0,36.0,3980.33,12000
2298,11.99,720.0,60.0,4583.33,14000
2299,17.58,705.0,60.0,2666.67,16000
2300,15.81,670.0,36.0,5541.67,10000
2301,16.29,720.0,36.0,6666.67,3625
2302,12.12,690.0,36.0,3333.33,8400
2303,15.05,665.0,36.0,2000.0,1600
2304,16.29,665.0,36.0,3666.67,3600
2305,17.51,680.0,36.0,7916.67,14000
2306,6.03,795.0,36.0,4166.67,15675
2307,11.89,725.0,36.0,7250.0,6000
2308,8.9,695.0,36.0,6666.67,10000
2309,7.9,765.0,36.0,9166.67,29000
2310,12.42,670.0,36.0,4500.0,4800
2311,8.94,740.0,36.0,4166.67,5000
2312,12.53,695.0,36.0,5000.0,7000
2313,16.29,705.0,60.0,7416.67,20000
2314,12.12,690.0,36.0,11666.67,9000
2315,12.42,715.0,36.0,2000.0,4400
2316,11.71,695.0,36.0,3083.33,3000
2317,14.33,675.0,36.0,1750.0,6250
2318,6.03,770.0,36.0,8733.33,14000
2319,14.27,715.0,36.0,9166.67,30000
2320,12.42,745.0,60.0,4166.67,19600
2321,13.11,670.0,36.0,3459.0,1600
2322,13.99,670.0,36.0,7500.0,8000
2323,12.92,670.0,36.0,3750.0,2500
2324,16.29,695.0,36.0,4125.0,16075
2325,14.26,720.0,36.0,2240.0,4900
2326,11.99,710.0,36.0,10408.0,14400
2327,20.49,660.0,36.0,2000.0,7750
2328,5.79,750.0,36.0,6089.44,4200
2329,12.68,785.0,60.0,7083.33,35000
2330,12.12,695.0,36.0,4750.0,12800
2331,8.9,720.0,36.0,4416.67,8000
2332,18.64,695.0,60.0,5833.33,25000
2333,8.49,730.0,36.0,6706.41,5000
2334,11.49,720.0,36.0,2666.67,4000
2335,18.49,665.0,36.0,1084.0,2875
2336,16.02,660.0,36.0,4246.67,1800
2337,13.49,725.0,36.0,5000.0,7200
2338,12.12,680.0,36.0,3333.33,6000
2339,7.9,745.0,36.0,5416.67,15000
2340,14.33,680.0,36.0,2479.17,10375
2341,15.8,700.0,60.0,7750.0,25000
2342,8.59,810.0,36.0,7583.33,7900
2343,15.31,680.0,36.0,3750.0,10000
2344,7.68,780.0,36.0,5417.0,6000
2345,17.77,675.0,36.0,4333.33,7000
2346,14.61,665.0,36.0,5116.67,5500
2347,14.33,690.0,36.0,3333.33,7000
2348,6.62,750.0,36.0,9666.67,12000
2349,6.99,780.0,36.0,2500.0,10000
2350,14.91,690.0,60.0,2708.33,9800
2351,13.11,690.0,36.0,4083.33,15000
2352,7.91,725.0,36.0,3500.0,12000
2353,13.72,705.0,36.0,2964.67,19000
2354,13.49,690.0,36.0,3333.33,10000
2355,19.41,660.0,36.0,18333.33,14725
2356,14.09,690.0,36.0,3750.0,17500
2357,12.53,700.0,36.0,7158.33,10000
2358,10.37,705.0,36.0,3916.67,12000
2359,6.62,805.0,36.0,9166.67,32550
2360,12.12,680.0,36.0,4500.0,17475
2361,7.9,725.0,36.0,2333.33,7200
2362,7.62,805.0,36.0,2500.0,7125
2363,14.96,730.0,60.0,2500.0,20500
2364,19.72,695.0,60.0,10583.33,18000
2365,18.25,665.0,36.0,5078.75,15000
2366,10.37,785.0,60.0,5833.33,14000
2367,12.21,695.0,36.0,6250.0,4800
2368,14.33,670.0,36.0,6250.0,8000
2369,18.25,725.0,60.0,5666.67,35000
2370,7.74,735.0,36.0,5666.67,3600
2371,11.49,715.0,36.0,7500.0,20000
2372,22.45,660.0,60.0,3666.67,20000
2373,14.27,680.0,36.0,7166.67,10000
2374,9.91,710.0,36.0,5000.0,10000
2375,7.51,765.0,36.0,3000.0,4500
2376,7.9,725.0,36.0,7083.33,8000
2377,9.76,705.0,36.0,2500.0,7425
2378,6.03,725.0,36.0,13000.0,12000
2379,15.27,670.0,36.0,4500.0,9000
2380,16.29,710.0,36.0,7083.33,28000
2381,13.67,710.0,36.0,6250.0,15575
2382,12.12,710.0,36.0,6666.67,10500
2383,16.83,680.0,36.0,5000.0,8500
2384,19.72,665.0,36.0,7000.0,3600
2385,7.29,740.0,36.0,6250.0,12000
2386,11.83,755.0,36.0,12000.0,24250
2387,12.69,710.0,36.0,6166.67,20000
2388,12.12,695.0,36.0,6883.33,14000
2389,6.03,775.0,36.0,13750.0,10000
2390,12.42,705.0,36.0,3750.0,8000
2391,17.51,695.0,60.0,5373.33,20000
2392,12.12,675.0,36.0,4333.33,3500
2393,20.89,695.0,60.0,17917.0,30000
2394,17.77,675.0,36.0,4575.08,12000
2395,19.03,660.0,60.0,6550.0,12250
2396,7.88,800.0,60.0,4750.0,9000
2397,14.09,750.0,60.0,6666.67,31825
2398,19.03,680.0,60.0,5416.67,24000
2399,8.94,815.0,36.0,2833.33,12800
2400,13.99,745.0,60.0,4167.0,20000
2401,12.69,705.0,36.0,3916.67,15000
2402,14.17,690.0,36.0,6666.67,15000
2403,13.93,660.0,36.0,6000.0,5000
2404,14.09,690.0,36.0,5416.67,14000
2405,13.67,705.0,36.0,7916.67,21000
2406,6.92,725.0,36.0,3333.33,5000
2407,12.12,675.0,36.0,6250.0,5000
2408,11.14,710.0,36.0,4333.33,8000
2409,22.47,675.0,36.0,6200.0,10000
2410,6.99,775.0,36.0,5166.67,7000
2411,6.03,790.0,36.0,5836.67,11000
2412,20.49,710.0,60.0,8416.67,28000
2413,10.99,740.0,36.0,12500.0,24000
2414,8.9,735.0,36.0,9583.33,15000
2415,24.89,660.0,36.0,10737.5,24000
2416,15.96,660.0,36.0,8166.67,5000
2417,10.59,730.0,36.0,8333.33,10000
2418,18.55,660.0,36.0,5653.67,16000
2419,14.11,680.0,36.0,4583.0,10000
2420,18.49,670.0,36.0,5000.0,8000
2421,11.71,695.0,36.0,2750.0,10000
2422,5.79,760.0,36.0,5416.67,5000
2423,22.78,665.0,60.0,5666.67,20000
2424,7.88,720.0,36.0,4985.0,3700
2425,17.77,670.0,36.0,3500.0,15000
2426,14.09,665.0,36.0,7333.33,9700
2427,18.49,660.0,36.0,2083.33,8450
2428,20.49,690.0,60.0,5833.33,25000
2429,13.49,745.0,60.0,4166.67,25000
2430,17.77,670.0,36.0,6000.0,15000
2431,19.05,660.0,36.0,3833.33,14575
2432,21.0,675.0,60.0,4473.33,14775
2433,11.49,700.0,36.0,2500.0,2000
2434,10.16,695.0,36.0,4166.67,2575
2435,14.33,700.0,60.0,3850.0,4200
2436,20.52,675.0,36.0,2500.0,8000
2437,14.79,710.0,60.0,3000.0,9500
2438,9.88,750.0,36.0,3338.0,16750
2439,13.11,685.0,36.0,3083.33,12300
2440,17.27,665.0,36.0,3750.0,4000
2441,18.3,690.0,60.0,5833.0,20000
2442,12.68,705.0,60.0,9750.0,12000
2443,14.33,675.0,36.0,3333.33,4375
2444,14.59,660.0,36.0,4073.0,3000
2445,6.62,750.0,36.0,11666.67,13000
2446,8.9,725.0,36.0,4666.67,16200
2447,8.9,740.0,36.0,5641.67,11400
2448,18.49,715.0,60.0,6000.0,25875
2449,19.04,680.0,60.0,5250.0,15000
2450,22.95,665.0,60.0,10416.67,20950
2451,14.79,710.0,60.0,6166.67,14000
2452,16.0,665.0,36.0,2000.0,2000
2453,7.9,765.0,36.0,7500.0,25000
2454,10.16,780.0,60.0,5900.0,28200
2455,18.64,680.0,60.0,6250.0,20000
2456,16.29,690.0,36.0,5577.26,24000
2457,17.27,710.0,60.0,4166.67,21850
2458,13.22,705.0,36.0,5458.33,20000
2459,13.85,685.0,36.0,6750.0,16000
2460,11.14,720.0,36.0,3916.67,10000
2461,14.09,710.0,36.0,19583.33,20000
2462,7.9,720.0,36.0,3333.33,1000
2463,11.49,690.0,36.0,9166.67,3500
2464,7.9,735.0,36.0,2666.67,15000
2465,13.67,685.0,36.0,3544.67,19000
2466,6.03,755.0,36.0,3100.0,12000
2467,22.47,670.0,60.0,4333.33,22750
2468,7.29,730.0,36.0,2333.33,9800
2469,7.29,715.0,36.0,6333.0,3500
2470,10.74,755.0,60.0,6125.0,20000
2471,22.95,665.0,60.0,6750.0,20000
2472,7.9,770.0,36.0,5166.67,19000
2473,22.45,685.0,60.0,5500.0,17300
2474,15.13,650.0,36.0,3833.0,7000
2475,18.75,660.0,36.0,8333.33,7200
2476,14.09,675.0,36.0,4583.33,10000
2477,14.09,675.0,36.0,8583.33,4000
2478,8.9,730.0,36.0,25000.0,17500
2479,11.71,725.0,36.0,5416.67,20000
2480,15.8,680.0,60.0,4833.33,16200
2481,6.03,760.0,36.0,5000.0,10000
2482,6.62,810.0,36.0,9250.0,27000
2483,7.51,720.0,36.0,7075.5,4500
2484,14.33,675.0,36.0,3416.67,15875
2485,10.16,690.0,36.0,6666.67,15000
2486,10.75,765.0,36.0,7083.33,25000
2487,17.27,665.0,36.0,2464.37,7000
2488,19.99,660.0,36.0,8000.0,15000
2489,15.81,685.0,36.0,3833.33,17000
2490,18.75,670.0,36.0,5166.67,19075
2491,11.71,710.0,36.0,4500.0,10000
2492,7.62,720.0,36.0,3983.33,8475
2493,10.08,710.0,36.0,5166.67,6400
2494,23.28,675.0,60.0,7083.33,30000
2495,14.65,685.0,36.0,6666.67,24000
2496,16.77,705.0,60.0,9250.0,30000
2497,14.09,740.0,60.0,8903.25,16000
2498,13.99,680.0,36.0,2166.67,10000
2499,12.42,675.0,36.0,3500.0,6000
2500,13.79,670.0,36.0,3875.0,9000
